date,co2,proxy
1958-03-29,316.1,189.669429766582
1958-04-05,317.3,189.65952190183515
1958-04-12,317.6,190.4275536006184
1958-04-19,317.5,190.61542110940488
1958-04-26,316.4,190.5152459064178
1958-05-03,316.9,189.882365535536
1958-05-10,317.2,190.28016553892076
1958-05-17,317.5,190.53119661115545
1958-05-24,317.9,190.65841646846994
1958-05-31,317.54999999999995,190.80350985814147
1958-06-07,317.2,190.54676427345115
1958-06-14,316.85,190.33986372190222
1958-06-21,316.5,189.95548641380432
1958-06-28,316.15,189.72907703900938
1958-07-05,315.8,189.42563371796535
1958-07-12,315.8,189.16071366636262
1958-07-19,315.4,189.11989424264831
1958-07-26,315.5,188.85617173092064
1958-08-02,315.6,188.94704402114868
1958-08-09,315.1,189.08523252385692
1958-08-16,315.0,188.7755924241361
1958-08-23,314.55,188.81807718442732
1958-08-30,314.1,188.49818758391584
1958-09-06,313.5,188.25455083917282
1958-09-13,313.44444444444446,187.9623111027967
1958-09-20,313.3888888888889,187.93602869179543
1958-09-27,313.3333333333333,187.84693291476057
1958-10-04,313.27777777777777,187.74447017820782
1958-10-11,313.22222222222223,187.67680740794947
1958-10-18,313.1666666666667,187.6599887088764
1958-10-25,313.1111111111111,187.55093401177766
1958-11-01,313.05555555555554,187.5019125103289
1958-11-08,313.0,187.456637301252
1958-11-15,313.2,187.4638673867701
1958-11-22,313.5,187.5999668209581
1958-11-29,314.0,187.8066197741361
1958-12-06,314.5,188.0575826284297
1958-12-13,314.4,188.34786160590275
1958-12-20,314.7,188.34665976615733
1958-12-27,315.2,188.6386671020489
1959-01-03,315.2,188.8442371871411
1959-01-10,315.5,188.95778147024652
1959-01-17,315.6,189.2387221270302
1959-01-24,315.8,189.35732048208274
1959-01-31,315.4,189.49715465435742
1959-02-07,316.15,189.2336104432672
1959-02-14,316.9,189.79296199453245
1959-02-21,316.6,190.3899813682662
1959-02-28,316.6,190.3451039835062
1959-03-07,316.8,190.44373676586127
1959-03-14,316.75,190.5905402966607
1959-03-21,316.7,190.4699163992395
1959-03-28,316.7,190.43958233925548
1959-04-04,317.7,190.4888179593862
1959-04-11,317.1,190.992190849605
1959-04-18,317.6,190.6618250041187
1959-04-25,318.3,190.99406478123035
1959-05-02,318.2,191.46626798552754
1959-05-09,318.7,191.31745913802075
1959-05-16,318.0,191.56783144511783
1959-05-23,318.4,191.11509880158206
1959-05-30,318.45,191.26736365849914
1959-06-06,318.5,191.4278162492839
1959-06-13,318.1,191.42062294465072
1959-06-20,317.8,191.20529566686025
1959-06-27,317.7,191.0059027259497
1959-07-04,316.8,191.06466319185984
1959-07-11,316.8,190.623690265891
1959-07-18,316.4,190.67119171260288
1959-07-25,316.1,190.26592847155433
1959-08-01,315.6,190.08983064462385
1959-08-08,314.9,189.8411071089321
1959-08-15,314.95,189.49640422712022
1959-08-22,315.0,189.4800611987672
1959-08-29,314.1,189.6467120510168
1959-09-05,314.4,189.00767972826583
1959-09-12,313.9,189.13806512662967
1959-09-19,313.5,188.9081938757382
1959-09-26,313.5,188.67187297177512
1959-10-03,313.0,188.8220524155485
1959-10-10,313.1,188.53619135498693
1959-10-17,313.4,188.54870179822254
1959-10-24,313.4,188.70038453533007
1959-10-31,314.1,188.61854857650863
1959-11-07,314.4,188.94272256402965
1959-11-14,314.8,189.17000342583725
1959-11-21,315.2,189.45359086176822
1959-11-28,315.1,189.79068277322628
1959-12-05,315.0,189.6740873388818
1959-12-12,315.6,189.74077039781508
1959-12-19,315.8,190.07921631972945
1959-12-26,315.7,190.31729694064276
1960-01-02,315.7,190.22483800210406
1960-01-09,316.4,190.16967675517841
1960-01-16,316.7,190.6084106580453
1960-01-23,316.5,190.8657696394105
1960-01-30,316.6,190.75784535766417
1960-02-06,316.6,190.77393069585494
1960-02-13,316.9,190.67333921729917
1960-02-20,317.4,190.74822520118036
1960-02-27,317.0,191.08592641492095
1960-03-05,316.9,190.9201548924174
1960-03-12,317.7,190.8478327979705
1960-03-19,318.0,191.24725543360336
1960-03-26,317.7,191.49273359505
1960-04-02,318.6,191.2167040491964
1960-04-09,319.3,191.70322394206698
1960-04-16,319.0,192.1698002810825
1960-04-23,319.0,191.8210396930644
1960-04-30,319.7,191.85001741288187
1960-05-07,319.9,192.22639435015114
1960-05-14,319.8,192.35459032746195
1960-05-21,320.0,192.28891271299543
1960-05-28,320.0,192.42407129262372
1960-06-04,319.4,192.47613418787674
1960-06-11,320.0,192.05925645655935
1960-06-18,319.4,192.52583010823275
1960-06-25,319.0,192.22028714240383
1960-07-02,318.1,192.0435670920766
1960-07-09,318.6,191.59093189065993
1960-07-16,318.4,191.95000100728785
1960-07-23,317.9,191.89330690833125
1960-07-30,317.3,191.59897642913694
1960-08-06,316.6,191.13196839031272
1960-08-13,316.7,190.70184000780998
1960-08-20,315.1,190.7041264097967
1960-08-27,314.7,189.63742077715804
1960-09-03,314.7,189.4168047364765
1960-09-10,314.5,189.37416352741545
1960-09-17,314.2,189.17692819456457
1960-09-24,313.3,188.91870311355922
1960-10-01,313.6,188.39883439453737
1960-10-08,313.3,188.60573479072517
1960-10-15,313.9,188.52491910095767
1960-10-22,314.2,188.88387550081836
1960-10-29,314.2,189.14201348275932
1960-11-05,314.5,189.24718334476725
1960-11-12,315.1,189.5134457674785
1960-11-19,315.1,189.69604797450774
1960-11-26,315.4,189.788199253448
1960-12-03,315.8,189.9936707540666
1960-12-10,316.0,190.26545360553064
1960-12-17,316.2,190.41329566186084
1960-12-24,316.4,190.56200244888117
1960-12-31,316.6,190.70595851540006
1961-01-07,316.7,190.7990400172597
1961-01-14,317.0,190.71641736988147
1961-01-21,317.0,190.88824876528844
1961-01-28,317.0,190.82796887664938
1961-02-04,317.0,190.90898113258973
1961-02-11,317.7,190.88732364464008
1961-02-18,317.9,191.31358429634807
1961-02-25,318.0,191.36986384967733
1961-03-04,318.0,191.39156716458496
1961-03-11,318.5,191.39070218495846
1961-03-18,318.9,191.57929904613871
1961-03-25,318.7,191.8418504297108
1961-04-01,319.4,191.71389501070223
1961-04-08,319.5,192.04496602532683
1961-04-15,318.9,191.925098560422
1961-04-22,319.7,191.603577470463
1961-04-29,319.6,192.06125866754226
1961-05-06,320.6,191.96150803655095
1961-05-13,320.4,192.54379643931196
1961-05-20,320.6,192.560032134878
1961-05-27,320.3,192.67629706219859
1961-06-03,320.0,192.5027935069227
1961-06-10,320.0,192.21126304169704
1961-06-17,319.6,192.33481347167375
1961-06-24,319.4,192.1636250704321
1961-07-01,319.2,192.12364518545746
1961-07-08,319.0,192.00722064029833
1961-07-15,318.4,191.9559697494602
1961-07-22,317.1,191.62379076209226
1961-07-29,317.9,190.8897799429317
1961-08-05,317.9,191.35836547105106
1961-08-12,317.3,191.2478238749479
1961-08-19,316.7,190.96498795103315
1961-08-26,315.2,190.4598659782874
1961-09-02,315.2,189.54187072794306
1961-09-09,314.9,189.5265315413131
1961-09-16,314.5,189.26831703073924
1961-09-23,315.0,189.0743012659645
1961-09-30,315.6,189.35927653835878
1961-10-07,314.9,189.686511413939
1961-10-14,315.4,189.3054995437623
1961-10-21,315.4,189.56975611572042
1961-10-28,315.7,189.6739296138333
1961-11-04,315.8,189.88028874454736
1961-11-11,315.7,189.90471377053478
1961-11-18,316.2,189.69889389733586
1961-11-25,316.5,189.90081240756828
1961-12-02,316.5,190.1623247164259
1961-12-09,317.0,190.15852941169257
1961-12-16,316.9,190.43729503176658
1961-12-23,317.1,190.5005389028348
1961-12-30,317.4,190.52434020952927
1962-01-06,317.9,190.66041587454112
1962-01-13,318.1,190.92497179878424
1962-01-20,318.0,191.0889470948991
1962-01-27,317.7,190.9791819550263
1962-02-03,318.0,190.75317561638022
1962-02-10,318.3,190.81278941161386
1962-02-17,318.9,191.0474906169152
1962-02-24,319.3,191.4679510688038
1962-03-03,319.2,191.67222281274877
1962-03-10,319.4,191.62447330866434
1962-03-17,319.9,191.64752484945737
1962-03-24,319.7,191.9121388628518
1962-03-31,320.2,191.895485184306
1962-04-07,320.2,192.20566498936103
1962-04-14,321.0,192.37894225087072
1962-04-21,320.7,192.79990279520896
1962-04-28,320.3,192.66342412646327
1962-05-05,320.8,192.4087611893758
1962-05-12,320.7,192.75119752788788
1962-05-19,321.0,192.6906566759135
1962-05-26,321.1,192.8285668176328
1962-06-02,320.9,192.8234955603087
1962-06-09,320.8,192.93344831573734
1962-06-16,320.5,192.867647436258
1962-06-23,320.1,192.53639788449053
1962-06-30,320.2,192.24775283889778
1962-07-07,320.1,192.35860581843207
1962-07-14,319.9,192.26110518594322
1962-07-21,319.0,192.24313865112958
1962-07-28,318.7,191.77831852159292
1962-08-04,318.6,191.5868931239061
1962-08-11,317.2,191.4914769281979
1962-08-18,317.4,190.57611685267082
1962-08-25,317.2,190.6436193619973
1962-09-01,317.0,190.4131336313974
1962-09-08,316.8,190.38346335326239
1962-09-15,316.6,190.38276591229686
1962-09-22,315.7,190.16855555706726
1962-09-29,315.9,189.53992933389077
1962-10-06,315.1,189.52729094460926
1962-10-13,315.4,188.97500187730435
1962-10-20,315.7,188.92202661720808
1962-10-27,315.7,189.0163556954607
1962-11-03,315.9,189.11362435044572
1962-11-10,316.4,189.2076989107359
1962-11-17,316.9,189.5717927283499
1962-11-24,317.0,189.83512004856175
1962-12-01,317.1,190.02717009583623
1962-12-08,317.3,190.1021114445623
1962-12-15,317.6,190.19346127265152
1962-12-22,318.1,190.56489307455436
1962-12-29,318.3,190.84055768533295
1963-01-05,318.5,190.86896593410347
1963-01-12,318.7,191.0041091842505
1963-01-19,318.9,191.12119655635863
1963-01-26,318.8,191.3211708978461
1963-02-02,318.7,191.19204835350877
1963-02-09,318.9,191.19240212336973
1963-02-16,319.1,191.37635825866278
1963-02-23,319.3,191.44628171176768
1963-03-02,319.3,191.57852501219688
1963-03-09,319.7,191.51621861543282
1963-03-16,319.8,191.93215422097086
1963-03-23,320.3,191.93934375379985
1963-03-30,320.2,192.2053631705247
1963-04-06,320.3,192.0654253188774
1963-04-13,320.9,192.09946622323946
1963-04-20,322.0,192.45902552123718
1963-04-27,321.9,193.176609706388
1963-05-04,321.9,193.07082320793307
1963-05-11,321.9,193.05689016103273
1963-05-18,322.2,192.95065345855167
1963-05-25,322.2,193.06859829154422
1963-06-01,322.3,193.2752838584149
1963-06-08,322.0,193.41337709779202
1963-06-15,321.8,193.17477029466622
1963-06-22,320.8,192.95446550155162
1963-06-29,320.4,192.28129678925663
1963-07-06,320.1,192.03966997479307
1963-07-13,319.8,191.86227455892003
1963-07-20,319.5,191.62644751385022
1963-07-27,319.0,191.34995442884488
1963-08-03,318.6,191.15663281673855
1963-08-10,318.2,190.95050922558565
1963-08-17,317.7,190.68241662411805
1963-08-24,317.1,190.36586703353183
1963-08-31,316.4,189.96615224909746
1963-09-07,316.8,189.32594884064613
1963-09-14,315.9,189.5746234776781
1963-09-21,316.0,188.95433264695092
1963-09-28,315.9,188.93913132452346
1963-10-05,316.2,188.83111164411918
1963-10-12,315.6,189.06603427272253
1963-10-19,316.1,188.61824446209195
1963-10-26,316.3,188.8106733526164
1963-11-02,316.6,188.97866225825433
1963-11-09,316.8,189.2152399261023
1963-11-16,317.1,189.26331989801773
1963-11-23,317.3,189.4854997238147
1963-11-30,317.5,189.5836272915336
1963-12-07,318.0,189.7262242047751
1963-12-14,318.2,189.93165218377018
1963-12-21,318.5,190.11411926747223
1963-12-28,318.7,190.38436368903098
1964-01-04,319.0,190.55214418170294
1964-01-11,319.4,190.7740196788301
1964-01-18,319.8,190.73109904212086
1964-01-25,319.91578947368424,190.9906462733009
1964-02-01,320.0315789473684,191.0582115587595
1964-02-08,320.14736842105265,191.11665682995653
1964-02-15,320.2631578947369,191.13883716491924
1964-02-22,320.37894736842105,191.2124632222483
1964-02-29,320.4947368421053,191.31284571184344
1964-03-07,320.61052631578946,191.3625352840134
1964-03-14,320.7263157894737,191.39725965774568
1964-03-21,320.8421052631579,191.55896487777665
1964-03-28,320.9578947368421,191.54553602894202
1964-04-04,321.0736842105263,191.6922713529893
1964-04-11,321.18947368421055,191.77500597197965
1964-04-18,321.30526315789473,191.784156732794
1964-04-25,321.42105263157896,191.8318817747993
1964-05-02,321.53684210526313,191.83235593879894
1964-05-09,321.65263157894736,191.95245946189013
1964-05-16,321.7684210526316,192.04802577824847
1964-05-23,321.88421052631577,192.0757397493225
1964-05-30,322.0,192.06254706110397
1964-06-06,322.0,192.15464945232708
1964-06-13,321.8333333333333,192.2264533728402
1964-06-20,321.6666666666667,192.1179156466366
1964-06-27,321.5,192.04929208420327
1964-07-04,321.1,191.92109004791206
1964-07-11,319.9,191.68615773836274
1964-07-18,320.2,190.9443115200082
1964-07-25,320.0,191.14636468073132
1964-08-01,319.1,190.91313174225365
1964-08-08,318.85,190.4214460314929
1964-08-15,318.6,190.25420109537265
1964-08-22,318.2,190.13109670044634
1964-08-29,318.1,189.86557344088638
1964-09-05,317.4,189.82960053008946
1964-09-12,316.5,189.32915831977974
1964-09-19,315.5,188.8783449007164
1964-09-26,317.0,188.15057905664358
1964-10-03,316.9,188.97263614553515
1964-10-10,316.5,188.93031110075063
1964-10-17,316.8,188.8000242721395
1964-10-24,317.0,189.0008837447751
1964-10-31,317.6,189.10229061062915
1964-11-07,317.7,189.35540884988592
1964-11-14,317.6,189.40106310005362
1964-11-21,317.5,189.3395723242255
1964-11-28,318.1,189.40636497262597
1964-12-05,318.4,189.8130243642464
1964-12-12,318.5,189.87834239862676
1964-12-19,318.9,190.09035083076998
1964-12-26,318.9,190.30072509010756
1965-01-02,319.0,190.23476561150474
1965-01-09,319.1,190.40537731041127
1965-01-16,319.1,190.46164562838902
1965-01-23,319.7,190.43409043343564
1965-01-30,320.1,190.81049938260577
1965-02-06,320.2,191.11386604113397
1965-02-13,320.1,191.24836625646768
1965-02-20,320.7,191.08522607646373
1965-02-27,320.8,191.5951121867341
1965-03-06,321.0,191.7261268058338
1965-03-13,320.9,191.81768672618279
1965-03-20,320.4,191.6962872373187
1965-03-27,321.4,191.3236113050118
1965-04-03,321.9,191.93286468783
1965-04-10,322.2,192.1842634657658
1965-04-17,322.1,192.30689791836932
1965-04-24,321.8,192.30774199873997
1965-05-01,322.4,192.15508454952695
1965-05-08,322.2,192.4854917051451
1965-05-15,321.9,192.42056027485904
1965-05-22,321.6,192.34311367183196
1965-05-29,322.2,192.08102644838476
1965-06-05,321.8,192.3957795570741
1965-06-12,321.7,192.22647619509058
1965-06-19,321.7,192.2203967375267
1965-06-26,321.9,192.23739915175955
1965-07-03,321.9,192.44458074082644
1965-07-10,321.8,192.3629648611425
1965-07-17,321.7,192.19202952360968
1965-07-24,320.4,192.0670414718139
1965-07-31,319.4,191.2962322789791
1965-08-07,319.4,190.63652577084696
1965-08-14,318.0,190.5999844091151
1965-08-21,318.8,189.68685940018258
1965-08-28,318.7,190.12032721433798
1965-09-04,318.3,189.9849681729135
1965-09-11,318.0,189.77252813834443
1965-09-18,318.2,189.65214496844317
1965-09-25,316.8,189.7361115229793
1965-10-02,316.6,188.88056658831903
1965-10-09,317.2,188.7169891453806
1965-10-16,317.8,189.11683298655333
1965-10-23,317.5,189.48351218945876
1965-10-30,317.6,189.42307395698413
1965-11-06,318.3,189.40091355423633
1965-11-13,319.2,189.84810124167564
1965-11-20,318.9,190.42140059664914
1965-11-27,319.1,190.2143675838248
1965-12-04,319.0,190.37813264337854
1965-12-11,319.3,190.21024344470425
1965-12-18,319.3,190.54915367200897
1965-12-25,319.7,190.44850033801248
1966-01-01,319.6,190.75748588255485
1966-01-08,320.4,190.61340168163443
1966-01-15,320.6,191.17971790897676
1966-01-22,321.0,191.27085985698113
1966-01-29,321.1,191.52274157501827
1966-02-05,321.2,191.58674235669628
1966-02-12,321.7,191.72929741382313
1966-02-19,321.6,192.0051813550624
1966-02-26,321.8,191.72264257681363
1966-03-05,322.1,191.7856381675588
1966-03-12,322.1,191.97941659179048
1966-03-19,322.5,191.94638147642522
1966-03-26,322.8,192.24411804027426
1966-04-02,323.5,192.50026756497235
1966-04-09,323.6,192.90918467922984
1966-04-16,323.8,192.85746127465117
1966-04-23,323.9,193.08127365790162
1966-04-30,323.5,193.2225026704096
1966-05-07,324.0,192.96006333533958
1966-05-14,324.1,193.41818496619405
1966-05-21,323.7,193.4520193066871
1966-05-28,324.3,193.12673532765572
1966-06-04,324.0,193.4750448201244
1966-06-11,323.8,193.37588234878734
1966-06-18,323.7,193.18557334059665
1966-06-25,323.3,193.2719152214274
1966-07-02,322.8,192.96467575533447
1966-07-09,322.9,192.7362574260631
1966-07-16,322.5,192.83709210412832
1966-07-23,322.1,192.5855378246596
1966-07-30,321.7,192.42657779806348
1966-08-06,321.3,192.07409288889832
1966-08-13,320.8,191.93591077291833
1966-08-20,319.1,191.63113447074554
1966-08-27,319.6,190.5704518270058
1966-09-03,319.9,190.9266398806088
1966-09-10,318.2,191.1861323066287
1966-09-17,318.4,190.2238669639255
1966-09-24,318.3,190.49382975050386
1966-10-01,317.9,190.51488420620763
1966-10-08,317.9,190.37114720363914
1966-10-15,318.2,190.3306574083509
1966-10-22,318.6,190.51864669163058
1966-10-29,318.3,190.800870385305
1966-11-05,318.9,190.61953971755224
1966-11-12,319.5,191.00216236004022
1966-11-19,320.0,191.39412021750033
1966-11-26,320.2,191.75743851132646
1966-12-03,320.8,191.86981784451868
1966-12-10,320.8,192.2035829033643
1966-12-17,321.1,192.14145922959807
1966-12-24,321.3,192.25457930513738
1966-12-31,321.3,192.46251314718836
1967-01-07,321.9,192.4561740355882
1967-01-14,322.9,192.87519486416997
1967-01-21,322.6333333333333,193.37789257569426
1967-01-28,322.3666666666667,193.07252996760633
1967-02-04,322.1,192.83384812528132
1967-02-11,322.2,192.75984514784457
1967-02-18,322.8,192.89995095583197
1967-02-25,322.6,193.2848538514209
1967-03-04,322.9,193.1046910901589
1967-03-11,322.6,193.27488089204144
1967-03-18,323.3,193.07254885605653
1967-03-25,323.2,193.46667585509937
1967-04-01,323.1,193.2187206173007
1967-04-08,324.2,193.09437613835357
1967-04-15,324.4,193.74011797267735
1967-04-22,324.6,193.97385005691328
1967-04-29,325.1,194.1059057863482
1967-05-06,325.2,194.5109724078179
1967-05-13,324.7,194.54144438966088
1967-05-20,325.0,194.22249274606733
1967-05-27,324.9,194.11003611631327
1967-06-03,324.9,194.08478589175377
1967-06-10,324.6,194.1258180663542
1967-06-17,323.3,194.0780999965712
1967-06-24,323.5,193.26159290576172
1967-07-01,322.8,193.3886544674765
1967-07-08,322.8,192.91573987087244
1967-07-15,322.4,192.8275205910034
1967-07-22,322.4,192.5340374934981
1967-07-29,322.0,192.50816260419165
1967-08-05,321.6,192.36982045634193
1967-08-12,321.4,192.12998632653495
1967-08-19,320.4,191.95069546580982
1967-08-26,320.0,191.36133630292795
1967-09-02,320.0,191.13765415459497
1967-09-09,319.4,191.08693675039686
1967-09-16,319.3,190.81267927239406
1967-09-23,319.0,190.61105310557085
1967-09-30,318.8,190.4150372584646
1967-10-07,318.8,190.3449172133868
1967-10-14,319.8,190.24453477442603
1967-10-21,319.4,190.8716288055743
1967-10-28,319.8,190.7285957843388
1967-11-04,320.0,191.0026211291581
1967-11-11,320.3,190.99585913343483
1967-11-18,320.9,191.1212445063772
1967-11-25,321.5,191.573667261565
1967-12-02,321.4,191.9560424049449
1967-12-09,321.8,191.89530298455813
1967-12-16,322.2,192.16839302916182
1967-12-23,321.9,192.46247170041224
1967-12-30,322.3,192.22933680766738
1968-01-06,322.4,192.44755680166193
1968-01-13,322.5,192.51827532538692
1968-01-20,322.5,192.5374784962529
1968-01-27,322.8,192.5274696293626
1968-02-03,322.6,192.80481001145125
1968-02-10,323.1,192.61222352159933
1968-02-17,323.4,193.0567232247845
1968-02-24,323.1,193.37767405308813
1968-03-02,323.1,193.0691660952408
1968-03-09,323.8,193.05858939535733
1968-03-16,323.8,193.50429126308075
1968-03-23,324.2,193.44722593151778
1968-03-30,324.7,193.6316448937414
1968-04-06,324.7,193.9138387164863
1968-04-13,325.0,193.9692770730197
1968-04-20,324.8,194.11092703509865
1968-04-27,325.4,194.12792907097017
1968-05-04,325.6,194.50967712114553
1968-05-11,325.0,194.6219839748393
1968-05-18,325.5,194.37067845122417
1968-05-25,325.8,194.71764954085367
1968-06-01,325.6,194.92534604903025
1968-06-08,325.7,194.78051052032257
1968-06-15,325.5,194.9765594413645
1968-06-22,324.9,194.91744606059498
1968-06-29,324.6,194.54219021039913
1968-07-06,324.7,194.24390027409797
1968-07-13,324.1,194.33187163973008
1968-07-20,323.9,193.8860911328225
1968-07-27,323.4,193.63739518644059
1968-08-03,322.4,193.3164588235305
1968-08-10,322.2,192.7375691562248
1968-08-17,322.0,192.71375524875106
1968-08-24,321.7,192.61493913564743
1968-08-31,321.4,192.49539060018523
1968-09-07,320.4,192.22344939729348
1968-09-14,321.1,191.62175948398342
1968-09-21,319.7,192.05107533293128
1968-09-28,319.8,191.27574379677776
1968-10-05,320.5,191.3444483472851
1968-10-12,320.5,191.82475426914408
1968-10-19,320.2,191.78693932556078
1968-10-26,319.9,191.63378594352676
1968-11-02,320.7,191.48490092362084
1968-11-09,320.8,191.87116774427687
1968-11-16,321.4,191.94433314141943
1968-11-23,321.7,192.28030595189807
1968-11-30,322.0,192.31749935575186
1968-12-07,322.4,192.56937985676248
1968-12-14,322.9,192.78224045573964
1968-12-21,323.3,193.01831120138021
1968-12-28,323.1,193.2300124456032
1969-01-04,323.3,193.12037746833934
1969-01-11,324.0,193.35347067966535
1969-01-18,324.3,193.7610256894399
1969-01-25,324.1,193.9764562517118
1969-02-01,324.1,193.95947470497913
1969-02-08,323.9,193.99949099482467
1969-02-15,324.3,193.95963330663102
1969-02-22,324.8,194.16389506720975
1969-03-01,325.1,194.5217237666953
1969-03-08,325.5,194.69737556669006
1969-03-15,325.7,195.01795640950172
1969-03-22,325.9,195.06268944160232
1969-03-29,325.8,195.12422261010911
1969-04-05,326.2,195.15937747806203
1969-04-12,327.1,195.38467118011934
1969-04-19,326.5,195.8977491316165
1969-04-26,326.5,195.54356706306777
1969-05-03,327.5,195.49185475376632
1969-05-10,327.8,196.1917503564061
1969-05-17,326.8,196.2780631575304
1969-05-24,326.9,195.66676830765337
1969-05-31,327.4,195.75278976658103
1969-06-07,326.5,196.04495623640102
1969-06-14,326.7,195.44478467049848
1969-06-21,326.7,195.499655480742
1969-06-28,326.3,195.53156006267858
1969-07-05,326.1,195.2142740289161
1969-07-12,326.0,195.1427422318447
1969-07-19,325.7,194.9684311045713
1969-07-26,325.4,194.74680737231756
1969-08-02,324.5,194.56953032399528
1969-08-09,324.5,193.93561892823695
1969-08-16,323.1,193.98451974300144
1969-08-23,322.5,193.14312933200324
1969-08-30,323.1,192.705423805884
1969-09-06,322.2,192.95150718865276
1969-09-13,322.7,192.2940879857998
1969-09-20,322.8,192.59791553168455
1969-09-27,321.9,192.57115327365457
1969-10-04,321.5,191.92878730359962
1969-10-11,321.8,191.67144535843772
1969-10-18,322.0,192.02225789780172
1969-10-25,321.9,192.1630734248942
1969-11-01,322.2,192.16029233740673
1969-11-08,322.6,192.3562462133769
1969-11-15,322.7,192.65496987583504
1969-11-22,323.1,192.61423822705015
1969-11-29,323.5,192.82194982928576
1969-12-06,323.9,193.08155114270647
1969-12-13,323.9,193.32020738150234
1969-12-20,324.2,193.30580788999393
1969-12-27,324.5,193.4358671840132
1970-01-03,324.7,193.5964884513104
1970-01-10,325.4,193.65842361451857
1970-01-17,325.0,193.89678613840405
1970-01-24,324.8,193.56719800527617
1970-01-31,325.5,193.48287197569175
1970-02-07,325.7,194.0196528223671
1970-02-14,326.0,194.27567133521637
1970-02-21,326.3,194.46292771599303
1970-02-28,326.1,194.70993148775136
1970-03-07,326.8,194.65802983105465
1970-03-14,326.8,195.02611039226457
1970-03-21,327.5,194.89876490498003
1970-03-28,326.9,195.3210814539316
1970-04-04,328.2,194.82891637913858
1970-04-11,327.8,195.58492165816696
1970-04-18,327.8,195.39053043967618
1970-04-25,328.5,195.28402522806869
1970-05-02,327.9,195.70644738186354
1970-05-09,327.5,195.4394487405117
1970-05-16,328.0,195.2265621760633
1970-05-23,328.3,195.5657363036195
1970-05-30,327.9,195.81374183465576
1970-06-06,327.5,195.7037140650656
1970-06-13,327.8,195.47507079619487
1970-06-20,327.7,195.74728336080236
1970-06-27,327.2,195.68247066957701
1970-07-04,327.2,195.3415080084195
1970-07-11,326.2,195.36511958114085
1970-07-18,326.2,194.71968361754148
1970-07-25,325.6,194.67669892635897
1970-08-01,325.2,194.27111837907583
1970-08-08,325.2,193.8589615644108
1970-08-15,324.8,193.86687402523535
1970-08-22,324.8,193.5320863733407
1970-08-29,323.3,193.52404118929059
1970-09-05,322.9,192.73278884782692
1970-09-12,323.5,192.4537138235939
1970-09-19,323.1,192.77306313671033
1970-09-26,323.1,192.635356340548
1970-10-03,323.2,192.67632927295782
1970-10-10,323.5,192.80956880525923
1970-10-17,322.9,192.9629219627102
1970-10-24,323.0,192.65902820367552
1970-10-31,323.1,192.66756555948876
1970-11-07,323.6,192.67686543006715
1970-11-14,323.7,193.0215837509325
1970-11-21,324.2,193.03670576308707
1970-11-28,324.7,193.39423965383034
1970-12-05,324.7,193.87361599398756
1970-12-12,325.0,193.7471545537165
1970-12-19,325.2,193.8707392255074
1970-12-26,325.5,194.0747501891456
1971-01-02,325.7,194.2438693264336
1971-01-09,325.8,194.45095106516806
1971-01-16,325.9,194.43519624468308
1971-01-23,326.7,194.5200470580187
1971-01-30,326.6,194.98875533418197
1971-02-06,326.5,194.93928313839749
1971-02-13,326.4,194.90411683982663
1971-02-20,326.7,194.7526163626274
1971-02-27,327.0,194.85205605122547
1971-03-06,327.1,195.13699935174265
1971-03-13,327.3,195.21899038011125
1971-03-20,327.0,195.34696635508266
1971-03-27,327.4,195.16366075088663
1971-04-03,327.4,195.43040143828958
1971-04-10,327.1,195.34370618283418
1971-04-17,327.7,195.08877913294205
1971-04-24,328.5,195.5466172514825
1971-05-01,328.2,196.03796289312106
1971-05-08,329.0,195.92173545864512
1971-05-15,329.2,196.35631065812603
1971-05-22,328.9,196.57956506165294
1971-05-29,328.8,196.4254609420519
1971-06-05,328.5,196.4015543784957
1971-06-12,328.8,196.26270907882437
1971-06-19,328.1,196.38293338587147
1971-06-26,328.5,195.82300432111649
1971-07-03,327.9,195.98239412108506
1971-07-10,327.8,195.74468333538903
1971-07-17,327.5,195.78223463316309
1971-07-24,326.2,195.57621553056475
1971-07-31,326.7,194.77358980603702
1971-08-07,326.1,195.1513352468297
1971-08-14,325.6,194.7787045063732
1971-08-21,325.3,194.3812600161134
1971-08-28,324.0,194.29617574805812
1971-09-04,323.6,193.55196414140167
1971-09-11,323.5,193.12323866277637
1971-09-18,323.2,193.03974940486162
1971-09-25,323.3,192.87052467010795
1971-10-02,323.3,192.96661818213735
1971-10-09,322.9,192.97802952133574
1971-10-16,323.5,192.69034888654247
1971-10-23,323.6,193.04166695824023
1971-10-30,324.4,193.12377698208599
1971-11-06,324.3,193.58367667566495
1971-11-13,324.5,193.495784121687
1971-11-20,325.0,193.70969041708682
1971-11-27,325.5,193.93869484069165
1971-12-04,325.3,194.2124850803584
1971-12-11,325.9,193.94013990437972
1971-12-18,326.2,194.34071265163857
1971-12-25,326.3,194.5828324861271
1972-01-01,326.6,194.68396899857183
1972-01-08,326.6,194.93279443513143
1972-01-15,326.6,194.9658474409887
1972-01-22,326.6,194.9915360953102
1972-01-29,327.2,195.02708212533432
1972-02-05,327.4,195.3670339929378
1972-02-12,327.9,195.5761585826325
1972-02-19,327.8,195.85001567775646
1972-02-26,327.4,195.68033928336985
1972-03-04,327.5,195.5040730543912
1972-03-11,327.1,195.70287576288757
1972-03-18,327.7,195.3908644289408
1972-03-25,328.6,195.7432420942213
1972-04-01,328.9,196.23183394341746
1972-04-08,329.4,196.3832901996579
1972-04-15,329.8,196.68674717254137
1972-04-22,330.1,196.8336115385828
1972-04-29,330.0,196.99278751323774
1972-05-06,330.0,196.82283995925906
1972-05-13,329.7,196.78022288641347
1972-05-20,330.1,196.51126766236447
1972-05-27,330.2,196.67183810990497
1972-06-03,329.7,196.60284480885556
1972-06-10,329.1,196.39429640301054
1972-06-17,329.0,196.072475834366
1972-06-24,328.5,195.86866603110678
1972-07-01,328.6,195.52390396155317
1972-07-08,328.3,195.53362106656044
1972-07-15,327.7,195.30180025694779
1972-07-22,328.1,194.83328399350606
1972-07-29,327.5,195.1298629226087
1972-08-05,326.9,194.7401731386956
1972-08-12,326.6,194.4152843069073
1972-08-19,326.5,194.27479098929481
1972-08-26,325.0,194.31794938767013
1972-09-02,325.4,193.28183396683937
1972-09-09,325.7,193.65222912519624
1972-09-16,324.8,193.92739027073807
1972-09-23,324.2,193.43037022016324
1972-09-30,324.2,193.2491396373558
1972-10-07,324.8,193.26451303220034
1972-10-14,325.5,193.68612395090562
1972-10-21,325.1,194.0507429023105
1972-10-28,325.8,193.89581970790692
1972-11-04,326.3,194.3284066556361
1972-11-11,326.1,194.5945666447719
1972-11-18,326.4,194.63333708464558
1972-11-25,326.9,194.79047710980498
1972-12-02,326.9,195.09114170937565
1972-12-09,327.1,195.0763457125762
1972-12-16,327.6,195.13967039408348
1972-12-23,327.9,195.47951582412324
1972-12-30,328.2,195.7148965444032
1973-01-06,328.4,195.9214744839836
1973-01-13,328.4,195.86443111437524
1973-01-20,328.6,195.94003088963197
1973-01-27,328.8,196.03376301339523
1973-02-03,329.1,196.06253875750355
1973-02-10,329.5,196.28778482943235
1973-02-17,329.6,196.5699985359604
1973-02-24,329.7,196.55176800828932
1973-03-03,329.9,196.79720068420173
1973-03-10,330.1,196.82647869299853
1973-03-17,330.5,196.81650349016974
1973-03-24,330.8,196.96994063319735
1973-03-31,330.6,197.2565006214141
1973-04-07,331.2,197.12331136698637
1973-04-14,331.1,197.45540711539775
1973-04-21,331.9,197.39074528631272
1973-04-28,332.1,197.825999243219
1973-05-05,332.2,197.8942294872195
1973-05-12,332.3,197.90613832518406
1973-05-19,332.6,198.01923498944413
1973-05-26,332.5,198.2757691808695
1973-06-02,332.2,198.1366372387208
1973-06-09,332.5,197.97457933660118
1973-06-16,332.0,198.21369487969486
1973-06-23,331.6,197.8325634834819
1973-06-30,331.4,197.55487098908063
1973-07-07,331.5,197.35701617690728
1973-07-14,331.0,197.320189036181
1973-07-21,330.0,197.02782875134025
1973-07-28,330.1,196.3726188234905
1973-08-04,330.0,196.47995350517635
1973-08-11,329.5,196.4177468609802
1973-08-18,329.3,196.14869391262056
1973-08-25,328.5,196.0067726941741
1973-09-01,328.4,195.4791478904799
1973-09-08,327.6,195.41234740534688
1973-09-15,327.8,194.93197269557615
1973-09-22,327.1,194.99903353348742
1973-09-29,326.6,194.6110281926207
1973-10-06,327.0,194.3670228068189
1973-10-13,327.4,194.6188790097187
1973-10-20,327.4,194.9873908263563
1973-10-27,327.1,194.9399654006325
1973-11-03,327.5,194.79901013199762
1973-11-10,328.0,195.00835502195793
1973-11-17,328.2,195.32595223473356
1973-11-24,328.5,195.38370603426492
1973-12-01,329.0,195.64734028756726
1973-12-08,328.7,195.9605418554991
1973-12-15,328.6,195.86996019296706
1973-12-22,328.2,195.71500302470528
1973-12-29,328.7,195.4379893840152
1974-01-05,328.9,195.67104694899436
1974-01-12,329.2,195.75115130909748
1974-01-19,329.4,195.87920558180855
1974-01-26,329.8,195.99016501173702
1974-02-02,330.5,196.22887147595742
1974-02-09,330.8,196.64579761110517
1974-02-16,330.6,196.7841333205918
1974-02-23,330.6,196.67819020893347
1974-03-02,330.7,196.7438613710983
1974-03-09,331.2,196.7361907036491
1974-03-16,332.1,197.03625735052424
1974-03-23,332.0,197.57070203383608
1974-03-30,331.5,197.54582863140283
1974-04-06,332.4,197.2410392375448
1974-04-13,332.1,197.77986437727515
1974-04-20,332.9,197.5255321936081
1974-04-27,333.1,198.0071599815375
1974-05-04,332.9,198.05801864484013
1974-05-11,333.0,197.97669646345238
1974-05-18,333.2,198.0289550433809
1974-05-25,332.8,198.151944424702
1974-06-01,332.9,197.84510514717027
1974-06-08,332.0,197.96538696566586
1974-06-15,332.0,197.47731050883579
1974-06-22,332.2,197.54192480351452
1974-06-29,331.7,197.828978759583
1974-07-06,331.7,197.525039805911
1974-07-13,331.2,197.6152950185966
1974-07-20,330.4,197.3060079331148
1974-07-27,331.0,196.85556448030283
1974-08-03,330.0,197.2429647873738
1974-08-10,329.9,196.66280916962572
1974-08-17,329.2,196.6521783830147
1974-08-24,328.9,196.20938315448927
1974-08-31,328.1,196.03245307560786
1974-09-07,328.0,195.59260129915856
1974-09-14,327.3,195.6636903416614
1974-09-21,326.9,195.18051359148774
1974-09-28,327.3,194.805053644959
1974-10-05,327.3,195.00874723312293
1974-10-12,327.0,195.0154918655965
1974-10-19,327.5,194.84861514758677
1974-10-26,327.7,195.1555314815208
1974-11-02,327.9,195.36424074072167
1974-11-09,328.0,195.55744447518046
1974-11-16,328.8,195.61374938230912
1974-11-23,328.6,196.0585333481027
1974-11-30,328.7,195.91258268199903
1974-12-07,329.5,195.94585987052534
1974-12-14,329.7,196.40893990998822
1974-12-21,329.8,196.4109911178725
1974-12-28,329.7,196.43641306209932
1975-01-04,329.9,196.3445470605021
1975-01-11,329.8,196.45038103157475
1975-01-18,330.2,196.37130853064326
1975-01-25,331.1,196.6617090662653
1975-02-01,331.1,197.1618133145681
1975-02-08,331.4,197.12891998696077
1975-02-15,331.0,197.34956539356085
1975-02-22,331.7,197.09191678005507
1975-03-01,331.8,197.52815088456848
1975-03-08,331.6,197.6383510619452
1975-03-15,331.9,197.54999877405356
1975-03-22,332.2,197.74876095765237
1975-03-29,332.5,197.9140278408267
1975-04-05,333.0,198.1451698985587
1975-04-12,333.5,198.45833614415355
1975-04-19,333.5,198.72047218782393
1975-04-26,333.1,198.709161498799
1975-05-03,333.9,198.37780179549983
1975-05-10,333.9,198.78568509743877
1975-05-17,333.7,198.64446699468039
1975-05-24,333.7,198.4734721410599
1975-05-31,334.1,198.5736380476822
1975-06-07,333.8,198.7719013846827
1975-06-14,333.3,198.65096694596542
1975-06-21,333.4,198.3507082068987
1975-06-28,333.1,198.35816704516682
1975-07-05,332.7,198.27853800880143
1975-07-12,332.0,198.08220344744439
1975-07-19,331.0,197.5308184050484
1975-07-26,331.5,197.0089235699124
1975-08-02,330.8,197.22831420777067
1975-08-09,330.7,196.79497066177694
1975-08-16,330.3,196.78507916840326
1975-08-23,329.3,196.52259018135834
1975-08-30,328.8,196.00651098552962
1975-09-06,329.4,195.7636057675681
1975-09-13,328.5,196.00534009678157
1975-09-20,328.0,195.42990753504904
1975-09-27,328.2,195.15106306504063
1975-10-04,328.0,195.22793816394574
1975-10-11,328.0,195.09171742598215
1975-10-18,328.5,195.15170129433633
1975-10-25,328.8,195.4754598923376
1975-11-01,329.3,195.586413464701
1975-11-08,329.2,195.89950894240252
1975-11-15,329.1,195.79358871976925
1975-11-22,329.5,195.64244929282714
1975-11-29,330.1,195.79769510407695
1975-12-06,330.3,196.17921676935953
1975-12-13,330.5,196.29710824141003
1975-12-20,331.1,196.41751562705187
1975-12-27,331.2,196.69154994846147
1976-01-03,331.5,196.7377552322124
1976-01-10,331.5,196.83996766163122
1976-01-17,331.7,196.7704881241137
1976-01-24,331.8,196.8781036173544
1976-01-31,332.2,196.8343493335054
1976-02-07,332.1,197.12454437848294
1976-02-14,332.5,197.25106059232843
1976-02-21,333.2,197.5254723360102
1976-02-28,332.4,197.86725460058554
1976-03-06,332.8,197.36691568702415
1976-03-13,333.6,197.49025784125553
1976-03-20,333.1,197.9419366126586
1976-03-27,334.3,197.6799851578263
1976-04-03,334.7,198.44418901529025
1976-04-10,334.2,198.60680830875083
1976-04-17,334.4,198.32924423276233
1976-04-24,334.5,198.53597483463773
1976-05-01,334.7,198.72760670352017
1976-05-08,334.3,198.79504708731778
1976-05-15,334.6,198.49023208641185
1976-05-22,335.4,198.67431327659588
1976-05-29,334.8,198.93470651365323
1976-06-05,334.3,198.5348789635669
1976-06-12,334.6,198.2145558408685
1976-06-19,334.3,198.3601051918032
1976-06-26,333.95000000000005,198.061314699691
1976-07-03,333.6,197.8328983666113
1976-07-10,333.4,197.5646527201071
1976-07-17,332.8,197.50146394949144
1976-07-24,332.4,197.07257833818474
1976-07-31,332.1,196.81140245345262
1976-08-07,331.7,196.61393135906877
1976-08-14,330.6,196.41649921566807
1976-08-21,330.6,195.56555637064065
1976-08-28,330.0,195.54000950045597
1976-09-04,329.7,195.23698063665148
1976-09-11,330.0,195.02985401885948
1976-09-18,329.3,195.0953337463804
1976-09-25,328.4,194.6998286093242
1976-10-02,328.8,194.18508012729242
1976-10-09,329.0,194.40479342289564
1976-10-16,329.6,194.43780874484878
1976-10-23,329.1,194.74225810893424
1976-10-30,329.0,194.418726370764
1976-11-06,329.8,194.29306140658213
1976-11-13,330.4,194.62904803045566
1976-11-20,330.5,194.9313515205358
1976-11-27,330.7,194.98672072545043
1976-12-04,331.1,195.06869122040357
1976-12-11,331.3,195.3030232574682
1976-12-18,331.9,195.4292976058904
1976-12-25,332.2,195.85654076841772
1977-01-01,332.5,196.2018275776766
1977-01-08,332.4,196.43671099068607
1977-01-15,333.1,196.2713863496949
1977-01-22,333.2,196.49211547864726
1977-01-29,333.2,196.54503081599702
1977-02-05,333.4,196.55038494864138
1977-02-12,333.3,196.5832444507038
1977-02-19,333.4,196.54364686099396
1977-02-26,333.6,196.54612639190378
1977-03-05,334.1,196.69632662186243
1977-03-12,334.6,196.97191275888954
1977-03-19,335.1,197.3017224531939
1977-03-26,335.0,197.47098281363597
1977-04-02,335.5,197.37809779800352
1977-04-09,335.9,197.66695309751807
1977-04-16,336.0,197.80008749313558
1977-04-23,336.1,198.00126286250259
1977-04-30,336.7,198.02070485659542
1977-05-07,336.8,198.48495273627103
1977-05-14,336.4,198.49512707943705
1977-05-21,336.8,198.23787924277596
1977-05-28,336.7,198.56667188615424
1977-06-04,336.4,198.5294588995313
1977-06-11,336.3,198.36386297580302
1977-06-18,336.1,198.32380873441628
1977-06-25,336.0,198.1013468936982
1977-07-02,335.5,198.01213038317533
1977-07-09,335.1,197.6403969591342
1977-07-16,335.1,197.41520298305778
1977-07-23,334.6,197.37440312327755
1977-07-30,333.7,197.07109868916507
1977-08-06,333.0,196.52530174692046
1977-08-13,332.9,196.10257396805258
1977-08-20,332.8,196.03996793390922
1977-08-27,332.8,195.93103957593047
1977-09-03,332.1,195.85198936626372
1977-09-10,331.2,195.38216264306223
1977-09-17,332.1,194.92252801861048
1977-09-24,330.9,195.49059015409537
1977-10-01,330.4,194.81461180613974
1977-10-08,330.9,194.61810939986256
1977-10-15,331.5,194.82965207987456
1977-10-22,331.5,195.22789851148573
1977-10-29,331.7,195.14726795359553
1977-11-05,332.1,195.2421930086805
1977-11-12,332.0,195.51851099688832
1977-11-19,332.5,195.57958689192353
1977-11-26,332.8,195.82092452123788
1977-12-03,333.2,195.99381480221837
1977-12-10,333.5,196.32053256251496
1977-12-17,333.8,196.38879695356255
1977-12-24,334.2,196.59595542216556
1977-12-31,334.6,196.8128345608857
1978-01-07,334.2,196.9867074380255
1978-01-14,334.6,196.75770474975596
1978-01-21,335.4,197.04232418939452
1978-01-28,335.9,197.45391670722
1978-02-04,335.0,197.78241594085853
1978-02-11,335.1,197.25541869008003
1978-02-18,335.6,197.22228269212985
1978-02-25,335.7,197.63878865715037
1978-03-04,336.2,197.78053135738685
1978-03-11,336.1,198.01603685129518
1978-03-18,336.8,197.91203953509034
1978-03-25,337.3,198.38984805262143
1978-04-01,337.0,198.6526893740677
1978-04-08,337.9,198.33471047867602
1978-04-15,337.9,198.95337663710606
1978-04-22,337.4,198.95403524382849
1978-04-29,338.0,198.79706220815083
1978-05-06,338.0,199.18387224238853
1978-05-13,338.1,199.19819667909226
1978-05-20,337.8,199.47378421519684
1978-05-27,337.9,199.28089416425047
1978-06-03,338.4,199.2695079818847
1978-06-10,338.2,199.5866978303524
1978-06-17,337.8,199.55187944807898
1978-06-24,337.3,199.224495437265
1978-07-01,337.6,198.85637555406709
1978-07-08,336.7,199.0701088364453
1978-07-15,336.7,198.29030793206903
1978-07-22,335.9,198.20835703272036
1978-07-29,335.6,197.78801833890353
1978-08-05,335.1,197.56401284519205
1978-08-12,334.8,197.14202661024024
1978-08-19,334.4,197.10644410962243
1978-08-26,334.3,196.7606539728269
1978-09-02,333.8,196.66140155680495
1978-09-09,332.8,196.33344669435814
1978-09-16,332.1,195.73968252390645
1978-09-23,332.3,195.29196963376367
1978-09-30,332.7,195.4058972528711
1978-10-07,332.1,195.6502093463018
1978-10-14,332.4,195.28370861414436
1978-10-21,333.0,195.4707041521963
1978-10-28,333.1,195.6522847256101
1978-11-04,333.5,195.7453645779427
1978-11-11,333.8,195.88003032559408
1978-11-18,333.8,195.8975319122519
1978-11-25,334.2,196.00113300523876
1978-12-02,334.5,196.14471935929882
1978-12-09,334.8,196.33820954224538
1978-12-16,335.1,196.46026743071553
1978-12-23,335.1,196.58938246452524
1978-12-30,335.3,196.6256565721689
1979-01-06,335.3,196.66703970022954
1979-01-13,335.9,196.69499027088568
1979-01-20,336.8,197.08354220660388
1979-01-27,336.9,197.71087580014913
1979-02-03,336.9,197.7456598086118
1979-02-10,336.5,197.82415347761412
1979-02-17,336.7,197.71320558061979
1979-02-24,336.7,197.9522067515763
1979-03-03,337.1,197.99616252333567
1979-03-10,337.7,198.26984997873038
1979-03-17,337.4,198.84355910078477
1979-03-24,339.0,198.8309722976946
1979-03-31,338.8,199.73347600138646
1979-04-07,338.1,199.68274667910734
1979-04-14,338.6,199.3078936215121
1979-04-21,339.2,199.61331368112448
1979-04-28,339.6,199.98481210348362
1979-05-05,339.3,200.26139598691833
1979-05-12,338.8,200.15169787271805
1979-05-19,339.8,199.8681056123419
1979-05-26,339.6,200.4935901409339
1979-06-02,339.9,200.4780006644946
1979-06-09,339.5,200.6818296827516
1979-06-16,338.9,200.48270636888012
1979-06-23,338.9,200.19697362612354
1979-06-30,339.0,200.31946830732792
1979-07-07,338.2,200.47149637701798
1979-07-14,337.8,200.01978749847999
1979-07-21,337.3,199.79537365752822
1979-07-28,336.8,199.40360338918936
1979-08-04,337.0,199.12550807999713
1979-08-11,336.5,199.16772034800118
1979-08-18,336.1,198.7909173898875
1979-08-25,334.5,198.59970555944767
1979-09-01,334.4,197.6321622706795
1979-09-08,334.0,197.60757798288168
1979-09-15,334.2,197.32055574907835
1979-09-22,333.2,197.53064604963905
1979-09-29,334.1,196.94142896314327
1979-10-06,334.1,197.57050858767082
1979-10-13,333.9,197.62101662443445
1979-10-20,333.7,197.5134103023293
1979-10-27,334.1,197.35752074649602
1979-11-03,334.7,197.5998838148197
1979-11-10,334.8,198.0219846012312
1979-11-17,335.5,198.13430893129274
1979-11-24,335.6,198.46464008235495
1979-12-01,335.9,198.60156623631093
1979-12-08,336.5,198.76552314070025
1979-12-15,336.7,199.18666791977557
1979-12-22,336.8,199.25435630016975
1979-12-29,337.4,199.36219544674404
1980-01-05,337.6,199.66245105553202
1980-01-12,337.4,199.7921528179065
1980-01-19,338.3,199.6498005824025
1980-01-26,338.4,200.16838263988805
1980-02-02,338.0,200.18588859661872
1980-02-09,338.1,199.93437016439995
1980-02-16,338.6,199.8638225626374
1980-02-23,338.2,200.2295675396425
1980-03-01,339.3,200.06169403367412
1980-03-08,339.5,200.68848599321063
1980-03-15,340.0,200.7050043962675
1980-03-22,340.5,200.956501201031
1980-03-29,341.0,201.3275722757583
1980-04-05,340.4,201.67448633376196
1980-04-12,340.9,201.29195981669304
1980-04-19,340.7,201.65925542520358
1980-04-26,341.0,201.46114436847864
1980-05-03,341.5,201.59519664364683
1980-05-10,341.3,201.9307921871481
1980-05-17,341.3,201.80359868742028
1980-05-24,340.9,201.75940675998362
1980-05-31,341.7,201.33099718019525
1980-06-07,341.3,201.86133840529115
1980-06-14,341.3,201.64561754129596
1980-06-21,340.8,201.51489836665462
1980-06-28,340.4,201.25992279311274
1980-07-05,340.4,201.01884551120583
1980-07-12,339.7,201.03975811950892
1980-07-19,338.5,200.69064761000212
1980-07-26,338.9,199.91515609963093
1980-08-02,337.9,200.20867341569885
1980-08-09,337.7,199.6599624770976
1980-08-16,337.7,199.59707615754212
1980-08-23,337.7,199.71977284091508
1980-08-30,337.0,199.7691779541217
1980-09-06,336.6,199.30706112584625
1980-09-13,335.7,199.20193995735667
1980-09-20,335.2,198.57889151643627
1980-09-27,336.0,198.2441872468594
1980-10-04,335.8,198.6518520185341
1980-10-11,335.8,198.52414495856846
1980-10-18,336.1,198.60531140480924
1980-10-25,336.4,198.8826453515723
1980-11-01,336.6,199.09740915775757
1980-11-08,336.9,199.171704827989
1980-11-15,337.1,199.31018328312769
1980-11-22,337.3,199.3849435728784
1980-11-29,337.4,199.57640662405265
1980-12-06,337.7,199.56841617463186
1980-12-13,338.1,199.8132556452878
1980-12-20,338.3,200.050811089916
1980-12-27,338.7,200.18371492034987
1981-01-03,338.9,200.53709379914244
1981-01-10,339.1,200.6214437480881
1981-01-17,339.3,200.8660733927992
1981-01-24,339.3,200.88036444334617
1981-01-31,339.5,200.81850716630095
1981-02-07,340.5,200.8201278110683
1981-02-14,340.0,201.36411916976454
1981-02-21,340.2,201.10783532705545
1981-02-28,341.1,201.28316500692767
1981-03-07,340.7,201.84617315468824
1981-03-14,341.0,201.62620505181314
1981-03-21,341.8,201.7182055285601
1981-03-28,342.1,202.09869314109065
1981-04-04,342.4,202.30148489165217
1981-04-11,342.4,202.58257041495008
1981-04-18,342.7,202.5552603079227
1981-04-25,342.3,202.64011833667846
1981-05-02,342.9,202.28512230084723
1981-05-09,343.0,202.59407342225117
1981-05-16,342.8,202.77253920891386
1981-05-23,342.7,202.63695874359894
1981-05-30,342.7,202.4991129905447
1981-06-06,342.6,202.45340267723236
1981-06-13,342.5,202.35713680438465
1981-06-20,341.8,202.31705781052628
1981-06-27,341.6,201.8475565765081
1981-07-04,341.0,201.66081110840778
1981-07-11,340.8,201.28670983456703
1981-07-18,339.7,201.20186010891175
1981-07-25,340.2,200.5956383915064
1981-08-01,339.5,200.93692829272644
1981-08-08,338.9,200.48261602300116
1981-08-15,338.4,199.99548524664914
1981-08-22,337.5,199.6355965359334
1981-08-29,337.7,199.1169026404291
1981-09-05,337.2,199.13687999401583
1981-09-12,337.0,198.85582643573954
1981-09-19,336.7,198.69157823955123
1981-09-26,335.9,198.46791594303852
1981-10-03,336.3,198.0718789686402
1981-10-10,336.6,198.3282839158811
1981-10-17,337.1,198.61105312884308
1981-10-24,337.2,198.8406091547459
1981-10-31,337.5,198.98541474415566
1981-11-07,337.8,199.23359577492383
1981-11-14,338.1,199.188970566434
1981-11-21,338.5,199.36235026305127
1981-11-28,339.3,199.71801709372053
1981-12-05,339.2,200.25637139730816
1981-12-12,339.4,200.16327231056553
1981-12-19,339.6,200.26581303126514
1981-12-26,340.2,200.2880843726724
1982-01-02,340.2,200.66355630942687
1982-01-09,340.3,200.52906840333495
1982-01-16,340.7,200.51292039753602
1982-01-23,341.1,200.8368577245709
1982-01-30,341.2,201.07531534628026
1982-02-06,341.9,201.10805839261428
1982-02-13,341.1,201.52011505838541
1982-02-20,341.1,201.24575710932197
1982-02-27,342.1,201.32339620862882
1982-03-06,342.6,201.86522310553417
1982-03-13,342.6,202.29022933682094
1982-03-20,342.7,202.2835697164778
1982-03-27,342.8,202.39904848647984
1982-04-03,342.9,202.4150512025224
1982-04-10,343.3,202.40471200339852
1982-04-17,343.5,202.7048554529927
1982-04-24,344.2,202.7671889467902
1982-05-01,343.8,203.12859008812785
1982-05-08,343.6,202.9559276605648
1982-05-15,344.2,202.7487724833377
1982-05-22,344.1,203.0023285832066
1982-05-29,344.1,202.98320766293287
1982-06-05,343.4,202.83621654108092
1982-06-12,343.5,202.35983711683082
1982-06-19,343.4,202.39241365843077
1982-06-26,342.9,202.23151563418548
1982-07-03,342.5,201.84771134508006
1982-07-10,342.0,201.65765181471272
1982-07-17,342.0,201.37958579467184
1982-07-24,341.8,201.30865743454933
1982-07-31,341.3,201.22836885200198
1982-08-07,340.5,201.04231473507778
1982-08-14,340.0,200.4661333993327
1982-08-21,339.7,200.17072758394588
1982-08-28,338.3,200.13897643501082
1982-09-04,338.8,199.34481342668946
1982-09-11,338.6,199.70581731099702
1982-09-18,337.8,199.5708058607095
1982-09-25,336.9,199.0309585789992
1982-10-02,337.3,198.57671145611496
1982-10-09,338.0,198.86574082692712
1982-10-16,337.6,199.2818765880345
1982-10-23,337.9,199.00697640867276
1982-10-30,338.7,199.0558970165413
1982-11-06,338.4,199.54758998372523
1982-11-13,339.2,199.31571152638296
1982-11-20,339.7,199.78582245625435
1982-11-27,339.8,200.13614561007338
1982-12-04,339.8,200.25764581300115
1982-12-11,340.4,200.3115708856796
1982-12-18,340.7,200.84070071059497
1982-12-25,340.8,201.1080846002835
1983-01-01,340.9,201.11212873710053
1983-01-08,341.4,201.1107560928345
1983-01-15,341.5,201.58536739717866
1983-01-22,341.2,201.5956179353067
1983-01-29,341.7,201.41230778461673
1983-02-05,342.0,201.84317221619844
1983-02-12,342.7,202.15182090678562
1983-02-19,342.5,202.5677235045984
1983-02-26,342.8,202.46586923571382
1983-03-05,342.3,202.52323603805777
1983-03-12,342.5,202.1551098855186
1983-03-19,344.0,202.2477154507604
1983-03-26,343.8,203.14729093804874
1983-04-02,344.0,203.00304190234448
1983-04-09,344.8,203.13446395096264
1983-04-16,345.0,203.7789165645048
1983-04-23,345.3,203.93374212907224
1983-04-30,345.4,204.13689516815384
1983-05-07,345.4,204.19703214484568
1983-05-14,345.7,204.1841390744707
1983-05-21,345.8,204.45660991948643
1983-05-28,345.7,204.44226531218277
1983-06-04,345.6,204.3728468478028
1983-06-11,345.6,204.23066355547152
1983-06-18,345.0,204.23719828311576
1983-06-25,344.9,203.88612705728326
1983-07-02,344.7,203.89516504539174
1983-07-09,344.5,203.864989666953
1983-07-16,343.7,203.7947194919505
1983-07-23,343.6,203.43638893848228
1983-07-30,342.6,203.49552668358024
1983-08-06,343.0,202.91917858518437
1983-08-13,341.7,203.18717959988126
1983-08-20,342.1,202.26195847300363
1983-08-27,341.8,202.52597671335823
1983-09-03,339.9,202.3455948468174
1983-09-10,339.9,201.0789577059261
1983-09-17,339.8,201.04660375353794
1983-09-24,339.9,201.05841055104588
1983-10-01,339.8,201.0255024765721
1983-10-08,339.7,201.06247381392348
1983-10-15,340.1,201.03808376282882
1983-10-22,340.2,201.26095465606056
1983-10-29,340.3,201.31028010952213
1983-11-05,340.8,201.43252464234087
1983-11-12,341.0,201.62517007137757
1983-11-19,341.1,201.89822721686983
1983-11-26,341.7,201.89722075215474
1983-12-03,341.8,202.1998245090087
1983-12-10,342.8,202.35138212379792
1983-12-17,343.3,203.0106360489238
1983-12-24,343.6,203.4100404260975
1983-12-31,343.4,203.66848900663737
1984-01-07,343.7,203.5767187012972
1984-01-14,343.4,203.6609898903005
1984-01-21,343.5,203.44552689704759
1984-01-28,344.1,203.5204098493942
1984-02-04,344.3,203.8791211566097
1984-02-11,344.5,203.84516244505852
1984-02-18,344.3,204.0434928470101
1984-02-25,344.6,204.053328531658
1984-03-03,344.8,204.3431356715599
1984-03-10,344.9,204.38679619957412
1984-03-17,345.4,204.47949370805446
1984-03-24,345.6,204.62000635171063
1984-03-31,345.96000000000004,204.86675771235937
1984-04-07,346.32,204.93726694412598
1984-04-14,346.68,205.1840551013695
1984-04-21,347.03999999999996,205.48724857801625
1984-04-28,347.4,205.800097707836
1984-05-05,347.4,206.04189549643948
1984-05-12,347.7,205.93497174275646
1984-05-19,347.3,206.10738355827814
1984-05-26,347.0,205.8472596727143
1984-06-02,347.0,205.69488660964282
1984-06-09,347.0,205.768967558444
1984-06-16,346.8,205.81862062461713
1984-06-23,346.3,205.85774186644235
1984-06-30,346.2,205.60732068057652
1984-07-07,345.8,205.51815936745356
1984-07-14,345.4,205.40040783386556
1984-07-21,345.2,205.1368182289947
1984-07-28,344.4,205.03795799231628
1984-08-04,344.0,204.57151633679356
1984-08-11,344.1,204.15952398492033
1984-08-18,343.1,204.24028548142715
1984-08-25,342.0,203.6619934779397
1984-09-01,341.6,202.98626559881674
1984-09-08,340.6,202.73566907567232
1984-09-15,341.3,202.0393388136582
1984-09-22,341.3,202.46552356182102
1984-09-29,340.8,202.57824297330117
1984-10-06,341.1,202.26494775570032
1984-10-13,341.3,202.4057883243389
1984-10-20,341.9,202.48020865722816
1984-10-27,341.6,202.9914902503422
1984-11-03,342.0,202.70984698867645
1984-11-10,342.6,203.01321822122668
1984-11-17,343.1,203.3815741066127
1984-11-24,343.7,203.82564133837198
1984-12-01,343.6,204.28398624493826
1984-12-08,343.9,204.2173623929911
1984-12-15,344.2,204.2817522451729
1984-12-22,344.5,204.56897523341829
1984-12-29,344.5,204.8583285084916
1985-01-05,344.7,204.77546085890273
1985-01-12,345.0,204.95135337119314
1985-01-19,345.0,205.07129588002869
1985-01-26,345.0,205.01308160705133
1985-02-02,345.9,204.89238310059363
1985-02-09,345.5,205.50235099265606
1985-02-16,345.8,205.2826856246135
1985-02-23,346.3,205.49977310441665
1985-03-02,346.7,205.90870872467116
1985-03-09,347.1,206.19885557241565
1985-03-16,347.5,206.48269777917838
1985-03-23,347.7,206.77889332010838
1985-03-30,348.2,206.81905043179296
1985-04-06,348.0,207.1164655466968
1985-04-13,348.0,206.9059959300983
1985-04-20,348.5,206.8385024468027
1985-04-27,348.8,207.13161620919067
1985-05-04,348.8,207.39125778055376
1985-05-11,349.3,207.54562383159617
1985-05-18,349.1,207.76423434437925
1985-05-25,348.1,207.65723412560615
1985-06-01,349.0,207.05191584289068
1985-06-08,348.4,207.6314585145724
1985-06-15,348.2,207.31513925574555
1985-06-22,347.9,207.22232084306773
1985-06-29,347.4,206.96978260238419
1985-07-06,346.9,206.69938325910562
1985-07-13,346.8,206.46630776258647
1985-07-20,346.4,206.36780345015302
1985-07-27,345.7,206.27616581942226
1985-08-03,345.2,205.83854733077627
1985-08-10,344.7,205.49100781594166
1985-08-17,344.5,205.21323624382228
1985-08-24,344.3,205.0739170325118
1985-08-31,343.7,204.85137907145392
1985-09-07,344.2,204.48941731246467
1985-09-14,343.3,204.90909499553203
1985-09-21,342.4,204.51928491934004
1985-09-28,342.1,203.9367568098032
1985-10-05,342.4,203.8246524050764
1985-10-12,342.5,204.01459211419032
1985-10-19,343.1,204.09588361141428
1985-10-26,343.2,204.55093645240532
1985-11-02,343.3,204.67484181702696
1985-11-09,343.7,204.7464158482091
1985-11-16,344.2,204.91676002678267
1985-11-23,344.6,205.1324614636652
1985-11-30,345.3,205.3676601053817
1985-12-07,345.3,205.81193110494172
1985-12-14,345.6,205.84966899686114
1985-12-21,345.1,206.08831669836434
1985-12-28,346.3,205.86178558302416
1986-01-04,346.4,206.40155483076757
1986-01-11,346.0,206.52931285574476
1986-01-18,346.2,206.21075427250125
1986-01-25,346.4,206.41430941560805
1986-02-01,346.2,206.55955774020367
1986-02-08,346.8,206.48684972653774
1986-02-15,347.1,206.80628029542243
1986-02-22,347.2,207.0074791445249
1986-03-01,347.0,206.9274382010706
1986-03-08,346.6,206.88958169732345
1986-03-15,347.2,206.6247687919254
1986-03-22,349.1,206.7905877698131
1986-03-29,348.8,208.01019903633755
1986-04-05,349.2,207.9559570658365
1986-04-12,349.4,208.13024735210618
1986-04-19,349.3,208.34120059354063
1986-04-26,350.2,208.22496893470722
1986-05-03,349.9,208.59497988746224
1986-05-10,350.1,208.38813795189128
1986-05-17,350.2,208.5325981857908
1986-05-24,350.1,208.6026145204941
1986-05-31,350.1,208.55038436670623
1986-06-07,349.7,208.5726160810384
1986-06-14,349.5,208.3488577558101
1986-06-21,349.4,208.21265488305076
1986-06-28,348.9,208.10755128006426
1986-07-05,348.6,207.78761621649824
1986-07-12,347.7,207.58124077403642
1986-07-19,347.6,207.01852157727876
1986-07-26,347.4,206.87580006993238
1986-08-02,346.6,206.71510549109357
1986-08-09,346.2,206.2412724552525
1986-08-16,345.5,206.0244788735352
1986-08-23,345.6,205.5996767024713
1986-08-30,345.2,205.64590220890366
1986-09-06,345.0,205.44598594942156
1986-09-13,345.3,205.3870710989677
1986-09-20,344.4,205.61807708987024
1986-09-27,344.5,204.94683390846305
1986-10-04,343.9,204.97267852661898
1986-10-11,344.1,204.6656026206466
1986-10-18,343.9,204.82425741992242
1986-10-25,344.5,204.75524321502024
1986-11-01,345.1,205.1388195781217
1986-11-08,345.3,205.4348043179484
1986-11-15,345.6,205.64649665787394
1986-11-22,345.7,205.72452749230794
1986-11-29,346.4,205.8584593267397
1986-12-06,346.9,206.27723119189665
1986-12-13,346.7,206.46678212507516
1986-12-20,346.9,206.31707021503362
1986-12-27,347.0,206.5273515960224
1987-01-03,347.6,206.54322147078514
1987-01-10,348.3,206.81242629102408
1987-01-17,348.2,207.21076701974215
1987-01-24,347.9,207.08941139785153
1987-01-31,348.0,206.81561639940938
1987-02-07,347.9,206.9084317308264
1987-02-14,348.2,206.90829465389623
1987-02-21,348.5,207.04691479760692
1987-02-28,349.4,207.26618651688028
1987-03-07,348.8,207.7771594907613
1987-03-14,349.2,207.40968093107458
1987-03-21,349.7,207.65893611189898
1987-03-28,350.2,208.0709323775034
1987-04-04,350.8,208.4089992923913
1987-04-11,350.2,208.69406580925082
1987-04-18,351.1,208.37275300193204
1987-04-25,351.3,208.8961638816643
1987-05-02,351.4,208.98118685099624
1987-05-09,352.0,208.97820474918223
1987-05-16,351.7,209.3362352294905
1987-05-23,351.9,209.151725296844
1987-05-30,351.7,209.24156161950316
1987-06-06,351.6,209.01722556869578
1987-06-13,351.1,208.8291876467156
1987-06-20,351.0,208.5387864836167
1987-06-27,350.9,208.4921518401259
1987-07-04,349.7,208.5958864916773
1987-07-11,349.8,207.86248676597506
1987-07-18,348.8,207.99909357191294
1987-07-25,349.5,207.4887338510869
1987-08-01,349.0,207.90415384443253
1987-08-08,348.1,207.60991391969037
1987-08-15,348.6,207.03767563939454
1987-08-22,348.0,207.47081258020336
1987-08-29,346.7,206.99768016735916
1987-09-05,347.0,206.21470670621133
1987-09-12,346.6,206.49851593076912
1987-09-19,346.2,206.2504399260191
1987-09-26,345.8,205.96761961353573
1987-10-03,345.7,205.7450858113066
1987-10-10,346.3,205.7246099122578
1987-10-17,346.5,206.12716814278429
1987-10-24,346.8,206.26829139140446
1987-10-31,346.9,206.5045482253818
1987-11-07,347.3,206.63547580458166
1987-11-14,347.6,206.79245958615323
1987-11-21,348.1,206.94404269925968
1987-11-28,348.7,207.30926954872808
1987-12-05,348.6,207.7059160505641
1987-12-12,348.8,207.66351105869023
1987-12-19,349.1,207.8339469755991
1987-12-26,349.2,208.0853585057017
1988-01-02,349.7,208.08100497627166
1988-01-09,350.2,208.28898414536087
1988-01-16,350.2,208.5024580358095
1988-01-23,350.7,208.6418585954947
1988-01-30,351.2,208.8627761525011
1988-02-06,351.8,209.14518211831026
1988-02-13,351.3,209.49127124587892
1988-02-20,351.5,209.26860075826957
1988-02-27,352.5,209.258226675852
1988-03-05,352.8,209.8552815600305
1988-03-12,351.8,210.12636068604417
1988-03-19,351.7,209.60997816820847
1988-03-26,352.2,209.58067656779116
1988-04-02,353.1,209.86110613623768
1988-04-09,353.5,210.53293239473533
1988-04-16,353.1,210.64753635649637
1988-04-23,354.0,210.48111025213728
1988-04-30,354.2,211.05922359378573
1988-05-07,353.7,211.22355134511628
1988-05-14,354.3,210.9434870073844
1988-05-21,354.5,211.31887551844292
1988-05-28,354.2,211.50868461812806
1988-06-04,354.1,211.24220625897925
1988-06-11,354.2,211.0887148630634
1988-06-18,353.6,211.16089885571415
1988-06-25,353.1,210.80481016509034
1988-07-02,353.0,210.51708467726584
1988-07-09,352.5,210.5763671510287
1988-07-16,352.6,210.23291894951174
1988-07-23,351.9,210.3492678565973
1988-07-30,351.1,209.9581014343778
1988-08-06,350.9,209.65559361455334
1988-08-13,350.3,209.4304296156909
1988-08-20,350.4,209.02947908181605
1988-08-27,349.6,209.05521982926356
1988-09-03,349.3,208.6742650465089
1988-09-10,348.7,208.43277115369622
1988-09-17,348.9,208.19711687865993
1988-09-24,348.1,208.436975002145
1988-10-01,348.8,208.0218959509621
1988-10-08,348.8,208.4746991539791
1988-10-15,348.6,208.35798578980885
1988-10-22,349.4,208.25164700282474
1988-10-29,349.2,208.62434662841935
1988-11-05,349.7,208.47714964919848
1988-11-12,349.8,208.79238220419572
1988-11-19,350.1,208.82921685077304
1988-11-26,350.4,209.0805272724387
1988-12-03,350.5,209.25083906140398
1988-12-10,351.0,209.19469539488364
1988-12-17,351.6,209.41519110293135
1988-12-24,351.3,209.67964797367262
1988-12-31,352.4,209.47591569534015
1989-01-07,352.7,210.22948455961662
1989-01-14,352.9,210.4474155132276
1989-01-21,352.5,210.5928787235961
1989-01-28,353.0,210.25647511910967
1989-02-04,352.8,210.7341624080839
1989-02-11,352.6,210.6120426709198
1989-02-18,353.2,210.6733111211572
1989-02-25,353.4,210.96825451268452
1989-03-04,353.1,211.0456660266443
1989-03-11,353.4,211.06064063841436
1989-03-18,353.5,211.16001608997016
1989-03-25,354.4,211.25141902652206
1989-04-01,354.5,211.7660536309362
1989-04-08,355.0,211.76504770545938
1989-04-15,355.4,212.22712867520573
1989-04-22,356.0,212.3918188463949
1989-04-29,355.9,212.81912647151472
1989-05-06,355.3,212.841949916326
1989-05-13,355.8,212.40606480716536
1989-05-20,355.6,212.56377291035125
1989-05-27,355.7,212.31022491805652
1989-06-03,355.8,212.3102561579709
1989-06-10,355.0,212.38695600812733
1989-06-17,354.8,211.93211416791513
1989-06-24,354.9,211.79793567485265
1989-07-01,354.5,211.8500376810038
1989-07-08,354.7,211.68309123288233
1989-07-15,353.8,211.86070270626257
1989-07-22,353.1,211.3491092731482
1989-07-29,353.2,210.8828367392902
1989-08-05,352.6,211.00115469771143
1989-08-12,352.2,210.65474542351808
1989-08-19,351.1,210.35865778747726
1989-08-26,350.4,209.65539059669885
1989-09-02,350.7,209.32753917858162
1989-09-09,350.2,209.6459428257754
1989-09-16,349.4,209.30621332084309
1989-09-23,349.3,208.6703582092682
1989-09-30,349.7,208.6544179880427
1989-10-07,349.9,208.82667327607743
1989-10-14,349.7,209.00161063813937
1989-10-21,350.2,208.85341384231177
1989-10-28,350.4,209.32063372829845
1989-11-04,350.6,209.44905206619902
1989-11-11,351.2,209.63676586878256
1989-11-18,351.6,209.90563683893626
1989-11-25,351.4,209.93418998105395
1989-12-02,352.0,209.82433981493412
1989-12-09,352.1,210.20398704669176
1989-12-16,352.4,210.31800951936245
1989-12-23,352.5,210.4564736603383
1989-12-30,353.4,210.41958577249002
1990-01-06,353.4,210.8395486193014
1990-01-13,353.5,210.88103418790425
1990-01-20,353.8,210.99430600736127
1990-01-27,353.9,211.10862413273156
1990-02-03,354.1,211.12902153621025
1990-02-10,355.0,211.19440762804166
1990-02-17,354.8,211.59226706682557
1990-02-24,354.7,211.48720073747933
1990-03-03,355.7,211.49065194622537
1990-03-10,354.9,212.0739007179205
1990-03-17,355.8,211.4872152950717
1990-03-24,355.1,212.01234115381294
1990-03-31,355.9,211.69467285560972
1990-04-07,356.1,212.33441581023968
1990-04-14,355.9,212.47459809568426
1990-04-21,356.6,212.29542751853208
1990-04-28,356.1,212.5665093589993
1990-05-05,357.3,212.15056415193163
1990-05-12,357.0,212.86389758566764
1990-05-19,356.9,212.70082999293282
1990-05-26,357.1,212.6600779872638
1990-06-02,357.0,212.76035467735534
1990-06-09,356.6,212.58461301949822
1990-06-16,355.6,212.22637882476855
1990-06-23,355.5,211.63742815209287
1990-06-30,355.7,211.5155855609443
1990-07-07,355.5,211.73344822656009
1990-07-14,354.0,211.50402977004717
1990-07-21,354.5,210.73056211432248
1990-07-28,354.7,210.98057490065554
1990-08-04,353.5,211.1173140757579
1990-08-11,353.2,210.4140512204557
1990-08-18,352.9,210.20825065421627
1990-08-25,352.0,209.87723944086918
1990-09-01,350.9,209.30105978688786
1990-09-08,350.7,208.7552443015904
1990-09-15,351.3,208.5391848059608
1990-09-22,350.9,208.76102661991303
1990-09-29,350.9,208.50461110764078
1990-10-06,351.1,208.47368207773508
1990-10-13,351.0,208.49671894588008
1990-10-20,351.4,208.38027599227257
1990-10-27,351.4,208.58419506105227
1990-11-03,352.1,208.55322947629236
1990-11-10,352.6,208.9854375129695
1990-11-17,353.0,209.33843725689368
1990-11-24,353.1,209.6074678747816
1990-12-01,353.6,209.693099029924
1990-12-08,354.0,210.11910975158875
1990-12-15,353.8,210.44125749346415
1990-12-22,354.5,210.10279448195223
1990-12-29,354.8,210.49555734368013
1991-01-05,354.2,210.55731607939137
1991-01-12,354.7,210.14563084458106
1991-01-19,354.8,210.5034613844443
1991-01-26,355.0,210.54837242513864
1991-02-02,355.2,210.63624323039102
1991-02-09,355.2,210.8550160951066
1991-02-16,356.4,210.74223274948565
1991-02-23,355.8,211.45519667322665
1991-03-02,356.4,211.13635358763992
1991-03-09,357.2,211.4981636904833
1991-03-16,357.6,211.89091804964684
1991-03-23,356.9,212.1292254823984
1991-03-30,357.9,211.7697888955511
1991-04-06,358.3,212.39658264354355
1991-04-13,357.8,212.66040950047443
1991-04-20,359.1,212.3834681026896
1991-04-27,359.2,213.17360747957542
1991-05-04,359.1,213.14051291939663
1991-05-11,358.9,213.0573302554165
1991-05-18,360.0,212.96964308239214
1991-05-25,359.0,213.39605489220088
1991-06-01,358.5,212.85284323963947
1991-06-08,358.4,212.57815007429886
1991-06-15,358.2,212.43683659598028
1991-06-22,358.1,212.26086033848446
1991-06-29,357.7,212.18557224126022
1991-07-06,357.2,211.9765798631982
1991-07-13,356.5,211.64852786468245
1991-07-20,355.2,211.3160530977797
1991-07-27,355.3,210.56703751871473
1991-08-03,354.8,210.5680446632737
1991-08-10,354.6,210.23270601934837
1991-08-17,353.7,210.1297744911106
1991-08-24,353.0,209.64440254348074
1991-08-31,353.2,209.27540370414397
1991-09-07,353.0,209.38808417276866
1991-09-14,352.1,209.2792963013343
1991-09-21,351.8,208.7374137232302
1991-09-28,351.6,208.61906296762504
1991-10-05,351.7,208.4250946289021
1991-10-12,352.1,208.53030783086115
1991-10-19,352.5,208.63137760113116
1991-10-26,352.7,208.90520507306883
1991-11-02,353.4,209.04442103424336
1991-11-09,353.7,209.46439297285005
1991-11-16,353.5,209.48444727307523
1991-11-23,353.8,209.48195157833257
1991-11-30,354.3,209.729332414212
1991-12-07,354.5,210.03124103919342
1991-12-14,354.9,210.18564408899826
1991-12-21,355.2,210.35519042765983
1991-12-28,355.5,210.5736109141685
1992-01-04,355.6,210.8706174502026
1992-01-11,356.0,210.84226103097427
1992-01-18,356.1,211.2842178422041
1992-01-25,355.9,211.3114481701894
1992-02-01,356.0,211.25350376066007
1992-02-08,356.7,211.25154545202344
1992-02-15,357.3,211.70082587448368
1992-02-22,356.9,211.96528042030943
1992-02-29,356.5,211.67585586928948
1992-03-07,357.3,211.41871257329166
1992-03-14,357.8,211.84952595251065
1992-03-21,358.1,212.1314187049862
1992-03-28,358.4,212.38461516976716
1992-04-04,358.5,212.46883377822212
1992-04-11,358.9,212.43915229021056
1992-04-18,359.7,212.68268173432818
1992-04-25,359.2,213.1203675089903
1992-05-02,359.6,212.74508632978385
1992-05-09,359.7,212.99498878902924
1992-05-16,358.6,213.0126612748551
1992-05-23,359.6,212.3778717895774
1992-05-30,360.2,212.97488978421535
1992-06-06,360.0,213.3197986665317
1992-06-13,359.4,213.1946806696963
1992-06-20,358.7,212.9114237008024
1992-06-27,358.4,212.5899815380857
1992-07-04,358.4,212.39801121638888
1992-07-11,357.2,212.32076364866626
1992-07-18,356.3,211.48741677850552
1992-07-25,356.1,210.77989841700196
1992-08-01,354.9,210.5717017206694
1992-08-08,355.3,209.78777774303805
1992-08-15,355.3,210.02383757687238
1992-08-22,354.5,209.88279716481978
1992-08-29,354.3,209.51002400491953
1992-09-05,353.5,209.46979068585262
1992-09-12,353.6,209.08317846273647
1992-09-19,352.3,209.10471169663006
1992-09-26,352.7,208.34301179121104
1992-10-03,353.6,208.51195946731536
1992-10-10,353.3,209.16819518473548
1992-10-17,353.2,208.89721830504496
1992-10-24,353.5,208.7986964058544
1992-10-31,353.5,209.08545259648662
1992-11-07,353.9,209.2721885049427
1992-11-14,353.8,209.5053090190236
1992-11-21,354.5,209.41424145209788
1992-11-28,354.6,209.64620655682432
1992-12-05,354.8,209.8344904580637
1992-12-12,355.3,209.9776041214131
1992-12-19,355.4,210.13630855987546
1992-12-26,355.9,210.2616603268862
1993-01-02,356.2,210.60770142303915
1993-01-09,356.9,210.7611214513025
1993-01-16,356.7,211.13928372363407
1993-01-23,356.6,211.07404312299678
1993-01-30,357.0,211.0315890230329
1993-02-06,356.6,211.3081015461857
1993-02-13,357.2,211.16008865113147
1993-02-20,357.3,211.6095778976374
1993-02-27,357.6,211.72661638054782
1993-03-06,358.3,211.95051273335432
1993-03-13,358.5,212.27464887907087
1993-03-20,358.1,212.3109894415444
1993-03-27,358.8,212.1323786453947
1993-04-03,359.1,212.60091885377824
1993-04-10,358.8,212.8197824843484
1993-04-17,359.4,212.70280852358496
1993-04-24,360.0,213.02125827258172
1993-05-01,359.6,213.4236275299985
1993-05-08,359.7,213.1094614540863
1993-05-15,360.7,213.17413996459845
1993-05-22,360.6,213.843839410843
1993-05-29,360.3,213.73307457575197
1993-06-05,359.7,213.6995426707642
1993-06-12,359.9,213.42459863280592
1993-06-19,359.3,213.6475066693874
1993-06-26,359.1,213.27166993929436
1993-07-03,357.9,213.04749873148256
1993-07-10,358.0,212.27510449417815
1993-07-17,358.1,212.37647951705154
1993-07-24,356.6,212.41555428954806
1993-07-31,356.5,211.56965667717498
1993-08-07,355.8,211.52094079597833
1993-08-14,355.9,211.05670926448823
1993-08-21,354.9,211.1867754111677
1993-08-28,354.7,210.688156263663
1993-09-04,354.3,210.51324507273773
1993-09-11,353.2,210.31163814438932
1993-09-18,353.8,209.66338270782583
1993-09-25,353.8,210.0444486822967
1993-10-02,353.8,210.03664062237954
1993-10-09,353.8,209.94268951506479
1993-10-16,354.0,210.04840379688125
1993-10-23,354.4,210.09013440685027
1993-10-30,354.3,210.26483743148887
1993-11-06,354.7,210.25405772592066
1993-11-13,355.1,210.5075483359088
1993-11-20,355.6,210.68784555776298
1993-11-27,356.0,210.93852950452697
1993-12-04,356.2,211.16662719271415
1993-12-11,356.5,211.25392102921649
1993-12-18,356.9,211.48241050352024
1993-12-25,357.5,211.63509406965096
1994-01-01,358.1,212.02234312058727
1994-01-08,358.1,212.4971332319284
1994-01-15,358.4,212.51223539637067
1994-01-22,358.3,212.62561339075944
1994-01-29,358.7,212.5113855046263
1994-02-05,358.4,212.75466034033172
1994-02-12,358.6,212.52784428379047
1994-02-19,359.0,212.74043945419072
1994-02-26,359.6,212.84241067688103
1994-03-05,358.7,213.32533288823282
1994-03-12,359.8,212.6334586522187
1994-03-19,360.4,213.29038298672245
1994-03-26,360.8,213.5691600713826
1994-04-02,360.6,213.87067381429074
1994-04-09,361.0,213.69262128854749
1994-04-16,361.0,213.84764119996188
1994-04-23,361.3,213.8221393263007
1994-04-30,362.2,213.9713136735184
1994-05-07,361.6,214.366186413597
1994-05-14,361.4,214.04027512438014
1994-05-21,361.7,213.74082821252927
1994-05-28,361.9,214.00905351094704
1994-06-04,361.0,214.1042986453293
1994-06-11,361.0,213.63577415377787
1994-06-18,360.9,213.5907322898938
1994-06-25,360.7,213.47124925988305
1994-07-02,360.2,213.40013037049098
1994-07-09,359.9,213.056319888673
1994-07-16,359.4,212.76024943259796
1994-07-23,359.0,212.45371866692253
1994-07-30,358.8,212.11043844649365
1994-08-06,358.1,211.9894704048312
1994-08-13,357.5,211.67289086742727
1994-08-20,357.6,211.38509099558496
1994-08-27,356.3,211.44522987542067
1994-09-03,356.4,210.652800970828
1994-09-10,356.4,210.68904206610344
1994-09-17,355.4,210.64122616142055
1994-09-24,355.5,210.06785670263227
1994-10-01,355.4,210.11601532042687
1994-10-08,355.8,210.0273878840298
1994-10-15,356.0,210.28764146450385
1994-10-22,356.3,210.2562632096433
1994-10-29,356.6,210.58299922313319
1994-11-05,356.9,210.8102592613217
1994-11-12,357.4,210.88572701222398
1994-11-19,357.9,211.19435550056872
1994-11-26,358.1,211.40967411440576
1994-12-03,358.4,211.4892289888669
1994-12-10,359.1,211.60209578211078
1994-12-17,359.2,212.10398534472384
1994-12-24,359.1,212.0199303346882
1994-12-31,359.5,211.93335082945705
1995-01-07,359.6,212.0496711071735
1995-01-14,360.2,212.10813738557584
1995-01-21,360.1,212.44430928421872
1995-01-28,360.0,212.27880529040144
1995-02-04,360.6,212.32678537150946
1995-02-11,361.0,212.8040435903113
1995-02-18,360.8,213.00172990261788
1995-02-25,361.3,212.9208745170228
1995-03-04,362.2,213.2097140161231
1995-03-11,361.2,213.76797206921813
1995-03-18,360.9,213.2828818915259
1995-03-25,362.0,213.0827338454917
1995-04-01,363.8,213.8771464067593
1995-04-08,363.4,214.93553179275202
1995-04-15,363.3,214.68851524767626
1995-04-22,362.8,214.77021405549252
1995-04-29,363.5,214.4908553452917
1995-05-06,363.2,214.75845972276363
1995-05-13,364.1,214.59531993838146
1995-05-20,364.1,215.0391809461453
1995-05-27,363.4,214.91448572910556
1995-06-03,363.9,214.42378751433964
1995-06-10,363.4,214.74824354289882
1995-06-17,362.9,214.36474096896794
1995-06-24,362.8,213.95964658080547
1995-07-01,362.5,213.8711644658934
1995-07-08,362.2,213.7215102645135
1995-07-15,361.9,213.48928189321015
1995-07-22,361.5,213.21129916431298
1995-07-29,360.9,212.8083472182621
1995-08-05,360.4,212.39013203166795
1995-08-12,359.2,212.15345516479212
1995-08-19,358.7,211.5086119313786
1995-08-26,359.2,211.26784779024402
1995-09-02,357.3,211.554700947078
1995-09-09,358.5,210.42440230085703
1995-09-16,358.5,211.2394800592725
1995-09-23,358.2,211.17432925223272
1995-09-30,357.5,211.0216349204381
1995-10-07,357.6,210.4613176907356
1995-10-14,357.6,210.5724900153943
1995-10-21,358.0,210.5386617874886
1995-10-28,358.2,210.69198942986182
1995-11-04,359.1,210.86995197598185
1995-11-11,359.4,211.3266093545695
1995-11-18,359.6,211.44156322871078
1995-11-25,359.8,211.67682461032473
1995-12-02,360.1,211.7183727289985
1995-12-09,360.4,211.84917235199347
1995-12-16,360.5,211.97792826494245
1995-12-23,360.8,212.09678833636693
1995-12-30,361.7,212.13909495906802
1996-01-06,361.8,212.77287463529208
1996-01-13,362.0,212.81462309548985
1996-01-20,362.1,212.91085811887953
1996-01-27,362.2,212.9036070126115
1996-02-03,362.6,212.95269816303642
1996-02-10,363.1,213.30297767722354
1996-02-17,363.0,213.61894160620704
1996-02-24,364.0,213.48900109181693
1996-03-02,363.8,214.0629494546182
1996-03-09,363.6,213.98303343461168
1996-03-16,364.1,213.86943281502573
1996-03-23,364.5,214.15013452065995
1996-03-30,364.3,214.43547748914582
1996-04-06,364.5,214.34255899052917
1996-04-13,364.8,214.3817302894215
1996-04-20,364.4,214.4181115629999
1996-04-27,365.1,214.2156481782422
1996-05-04,364.9,214.7749564873418
1996-05-11,365.3,214.59340163277182
1996-05-18,365.7,214.82282575397764
1996-05-25,365.4,215.16438185766552
1996-06-01,364.8,215.1148544050734
1996-06-08,365.1,214.75974709664916
1996-06-15,365.2,215.03347649220404
1996-06-22,365.0,215.14977404000757
1996-06-29,364.3,214.98808786022994
1996-07-06,364.1,214.4166769888859
1996-07-13,363.7,214.22846992176613
1996-07-20,363.3,214.01616212162156
1996-07-27,362.8,213.80760623418738
1996-08-03,361.7,213.46993789280904
1996-08-10,362.1,212.74561039585487
1996-08-17,361.2,212.8655875028511
1996-08-24,360.8,212.19956247704783
1996-08-31,360.8,211.9504034680412
1996-09-07,359.8,211.83229842378648
1996-09-14,359.8,211.23116547455683
1996-09-21,359.0,211.17131690916352
1996-09-28,359.0,210.65935456846273
1996-10-05,359.4,210.8187571455156
1996-10-12,359.5,211.06237683523784
1996-10-19,359.8,211.09661036635723
1996-10-26,359.8,211.26361017888624
1996-11-02,359.9,211.153085887937
1996-11-09,360.5,211.31352208269203
1996-11-16,360.7,211.7371083141336
1996-11-23,361.2,211.81720867925424
1996-11-30,361.4,212.1344052919245
1996-12-07,361.9,212.2040369624886
1996-12-14,362.6,212.53375805470708
1996-12-21,362.4,212.8530351008228
1996-12-28,362.6,212.75309540353018
1997-01-04,362.9,212.98569064140946
1997-01-11,363.0,213.19916173698266
1997-01-18,363.1,213.21490503294876
1997-01-25,363.5,213.34613778140655
1997-02-01,363.2,213.73242850613204
1997-02-08,364.1,213.60724855862037
1997-02-15,364.0,214.15454110958632
1997-02-22,364.2,214.03437473508492
1997-03-01,364.5,214.18704766227947
1997-03-08,364.1,214.51121766814396
1997-03-15,364.1,214.11995165556587
1997-03-22,364.7,214.19324836220315
1997-03-29,365.4,214.5643327527572
1997-04-05,365.8,215.0978345036138
1997-04-12,366.2,215.32823937740466
1997-04-19,366.6,215.40596018988583
1997-04-26,366.7,215.79531799419794
1997-05-03,366.7,215.76836427713408
1997-05-10,366.8,215.82838829377164
1997-05-17,367.0,215.87882052247758
1997-05-24,366.6,215.99585155030658
1997-05-31,366.3,215.7661733395542
1997-06-07,365.7,215.54523338446236
1997-06-14,365.6,215.19922717374257
1997-06-21,365.5,215.16230280022458
1997-06-28,365.1,215.16242284235398
1997-07-05,365.0,214.93179945561812
1997-07-12,364.6,214.895701367503
1997-07-19,364.1,214.75531520661144
1997-07-26,363.8,214.38766357089156
1997-08-02,363.3,214.21292436315926
1997-08-09,363.3,213.94879780172718
1997-08-16,362.6,214.02645553191056
1997-08-23,361.5,213.60168687119122
1997-08-30,361.6,212.94913803765542
1997-09-06,360.6,212.9832670177458
1997-09-13,360.2,212.47628621981124
1997-09-20,360.0,212.2121983160162
1997-09-27,359.8,212.143595261005
1997-10-04,360.5,212.01595462857009
1997-10-11,360.4,212.43826798210108
1997-10-18,361.0,212.2865386159439
1997-10-25,361.1,212.650792021859
1997-11-01,361.7,212.708568565503
1997-11-08,362.1,212.95729852910944
1997-11-15,362.0,213.14176549947672
1997-11-22,362.6,213.04772657803508
1997-11-29,363.5,213.29307373389497
1997-12-06,363.9,213.74178645130405
1997-12-13,363.9,214.09200369922024
1997-12-20,364.2,214.01475501743886
1997-12-27,365.0,214.13050416864198
1998-01-03,365.2,214.505822085295
1998-01-10,365.3,214.7178757291559
1998-01-17,365.3,214.84674134141815
1998-01-24,365.3,214.87060758779305
1998-01-31,365.6,214.87692564053995
1998-02-07,366.0,215.0200351093242
1998-02-14,365.5,215.23870442227653
1998-02-21,366.0,214.8881428167631
1998-02-28,367.3,215.2375128734201
1998-03-07,367.0,216.0694274515822
1998-03-14,366.6,215.95787458334644
1998-03-21,367.4,215.8715417109071
1998-03-28,368.5,216.40457935833973
1998-04-04,368.6,217.11216898975186
1998-04-11,368.6,217.24744633803184
1998-04-18,368.0,217.13179559869337
1998-04-25,368.9,216.77215053352384
1998-05-02,369.1,217.1987128161836
1998-05-09,368.8,217.43700672837227
1998-05-16,368.5,217.22003100711012
1998-05-23,369.6,217.17301506483594
1998-05-30,369.7,217.91262929736445
1998-06-06,369.4,217.93121158193432
1998-06-13,368.8,217.62672909491738
1998-06-20,368.5,217.18242779488625
1998-06-27,368.3,217.08033188513042
1998-07-04,368.0,216.93623418977575
1998-07-11,367.5,216.64513780756926
1998-07-18,367.6,216.32828442926984
1998-07-25,367.3,216.5152373791635
1998-08-01,366.8,216.45593014391952
1998-08-08,366.4,216.12044868249805
1998-08-15,365.6,215.90355732252462
1998-08-22,365.6,215.46951325302697
1998-08-29,364.2,215.35857586651642
1998-09-05,364.7,214.4786066801142
1998-09-12,363.9,214.74820067672644
1998-09-19,363.5,214.29850459072776
1998-09-26,363.6,214.02023199145265
1998-10-03,364.0,213.97542796671354
1998-10-10,364.1,214.23974347769837
1998-10-17,364.4,214.2515929257735
1998-10-24,364.4,214.33950071151415
1998-10-31,364.7,214.24759595154396
1998-11-07,365.0,214.41087257694917
1998-11-14,365.4,214.69970185375317
1998-11-21,365.8,214.92661090530925
1998-11-28,366.0,215.2470952866134
1998-12-05,366.4,215.19863542006672
1998-12-12,366.7,215.3757358406583
1998-12-19,367.3,215.46138660286218
1998-12-26,367.3,215.8007949638897
1999-01-02,367.5,215.85855957452623
1999-01-09,367.8,215.93757456322396
1999-01-16,367.8,216.02423768767252
1999-01-23,368.3,216.09531814392778
1999-01-30,369.2,216.33815820587827
1999-02-06,369.1,216.89860006384146
1999-02-13,368.8,216.78872526899008
1999-02-20,369.0,216.64750975813288
1999-02-27,368.5,216.7387437215803
1999-03-06,368.1,216.4983805583668
1999-03-13,369.5,216.304955889937
1999-03-20,370.2,217.31155109882505
1999-03-27,370.6,217.72553801896518
1999-04-03,371.1,217.8923881690636
1999-04-10,371.5,218.10530437476314
1999-04-17,371.0,218.30050559363147
1999-04-24,370.3,218.02865416686646
1999-05-01,370.8,217.55511729071918
1999-05-08,371.3,217.96903985612258
1999-05-15,371.0,218.28406371853916
1999-05-22,370.8,218.0307872969035
1999-05-29,370.3,217.87606580314304
1999-06-05,370.9,217.52818726926998
1999-06-12,370.3,217.9015573135915
1999-06-19,369.9,217.46465429227527
1999-06-26,369.9,217.32080161573387
1999-07-03,369.4,217.2940784146013
1999-07-10,370.1,216.97628243847564
1999-07-17,369.5,217.4655186850145
1999-07-24,368.6,217.04938328638687
1999-07-31,367.4,216.50928044657357
1999-08-07,367.6,215.92369648137495
1999-08-14,366.7,216.0745322223208
1999-08-21,366.4,215.55656894305883
1999-08-28,366.1,215.34083929167218
1999-09-04,364.1,215.0862712879384
1999-09-11,364.7,214.01743196631125
1999-09-18,365.2,214.36542387090415
1999-09-25,364.7,214.80777322239376
1999-10-02,364.5,214.45648111618098
1999-10-09,365.0,214.43060257496288
1999-10-16,364.9,214.71520381735087
1999-10-23,365.6,214.68646244993715
1999-10-30,365.7,215.19771559807302
1999-11-06,366.2,215.29083069388895
1999-11-13,366.7,215.6510239702752
1999-11-20,366.6,215.83380424771045
1999-11-27,367.1,215.7392516331256
1999-12-04,367.4,216.19260330173805
1999-12-11,368.0,216.35541807072494
1999-12-18,368.0,216.7393152930008
1999-12-25,368.2,216.7270835605338
2000-01-01,368.6,216.8004652088243
2000-01-08,368.5,216.92841079398733
2000-01-15,369.0,216.78278016252062
2000-01-22,369.8,217.20897293327872
2000-01-29,369.2,217.68304338551283
2000-02-05,369.1,217.23388273785022
2000-02-12,369.6,217.1060778325376
2000-02-19,369.3,217.47158497901097
2000-02-26,369.5,217.22054873388316
2000-03-04,370.0,217.2936473465769
2000-03-11,370.0,217.5098998265629
2000-03-18,370.9,217.41546505998977
2000-03-25,370.7,218.07914465296412
2000-04-01,370.9,217.94857793605058
2000-04-08,371.7,218.04446491718687
2000-04-15,371.8,218.47935619516943
2000-04-22,372.0,218.59279016155418
2000-04-29,371.3,218.71740051105436
2000-05-06,371.2,218.31932612787045
2000-05-13,371.7,218.26959106667425
2000-05-20,371.9,218.54279194076074
2000-05-27,371.8,218.62672530541784
2000-06-03,371.9,218.4366076462811
2000-06-10,371.6,218.45972427926134
2000-06-17,371.7,218.44199112266472
2000-06-24,371.3,218.40903337617527
2000-07-01,370.8,218.1693612646887
2000-07-08,370.0,217.8945406715704
2000-07-15,370.2,217.5040925552285
2000-07-22,369.7,217.8234633001621
2000-07-29,369.0,217.4937036052519
2000-08-05,368.7,217.00792085867474
2000-08-12,368.3,216.90743377372038
2000-08-19,367.7,216.6834094412237
2000-08-26,367.1,216.47388779072685
2000-09-02,367.2,216.16828807044354
2000-09-09,366.7,216.17812828602135
2000-09-16,366.2,215.86338065229364
2000-09-23,366.2,215.59510856649308
2000-09-30,366.4,215.63266023093726
2000-10-07,366.3,215.66760158232427
2000-10-14,366.6,215.46328608906487
2000-10-21,366.7,215.52300283078367
2000-10-28,367.3,215.62928983911013
2000-11-04,367.6,215.97779696956718
2000-11-11,368.0,216.0201838579436
2000-11-18,368.6,216.21887083933132
2000-11-25,368.3,216.43359469420162
2000-12-02,369.0,216.23385630363248
2000-12-09,369.6,216.5889543330315
2000-12-16,369.3,216.9071068980457
2000-12-23,369.5,216.7207802822437
2000-12-30,369.8,216.85447752977575
2001-01-06,369.8,217.03894418251136
2001-01-13,370.2,217.13582000761954
2001-01-20,369.9,217.55589713546058
2001-01-27,370.8,217.43979446401596
2001-02-03,371.3,217.96557203533723
2001-02-10,371.1,218.32196961944624
2001-02-17,371.7,218.14742463242027
2001-02-24,371.2,218.44548684325423
2001-03-03,372.2,218.08014349854042
2001-03-10,372.2,218.70207045766165
2001-03-17,372.1,218.79495839125474
2001-03-24,371.8,218.9017685730959
2001-03-31,372.0,218.82108893813844
2001-04-07,372.7,218.99341549063473
2001-04-14,372.7,219.3617909884402
2001-04-21,373.0,219.36753960413796
2001-04-28,372.7,219.58829905053727
2001-05-05,373.7,219.39913006939037
2001-05-12,373.9,220.13884469517112
2001-05-19,373.7,220.19734838940394
2001-05-26,373.9,220.02378805371723
2001-06-02,373.8,220.17229142796802
2001-06-09,373.1,220.26280146142852
2001-06-16,372.8,219.70684578174786
2001-06-23,372.9,219.46339276598593
2001-06-30,372.7,219.61998549188783
2001-07-07,372.1,219.4490641663847
2001-07-14,371.3,219.2434962754485
2001-07-21,371.2,218.70188230054828
2001-07-28,370.6,218.7223067507945
2001-08-04,369.9,218.35569344000248
2001-08-11,369.5,217.97016036058375
2001-08-18,369.3,217.6524689782286
2001-08-25,369.0,217.4120034153842
2001-09-01,368.4,217.2901696329284
2001-09-08,368.2,216.89047156340453
2001-09-15,368.0,216.7015695845694
2001-09-22,367.4,216.49867262093204
2001-09-29,367.4,216.06029493883614
2001-10-06,367.8,216.16178693833976
2001-10-13,367.6,216.33258869235885
2001-10-20,368.1,216.17190322898148
2001-10-27,368.7,216.61940455943827
2001-11-03,368.7,216.94698086721328
2001-11-10,368.8,216.9465566394333
2001-11-17,369.7,217.03413045708174
2001-11-24,370.3,217.55193052535165
2001-12-01,370.3,217.86032102756093
2001-12-08,370.8,217.9562373895185
2001-12-15,371.2,218.28022469215773
2001-12-22,371.3,218.47301267180782
2001-12-29,371.5,218.42911531438625
